ID,watershed,stream,year,Het/Hom
CAR_EFC_2017_001,CAR,str_EFC,2017,0.0285714285714286
CAR_EFC_2017_009,CAR,str_EFC,2017,0.0139275766016713
CAR_EFC_2017_010,CAR,str_EFC,2017,0.0266106442577031
CAR_EFC_2017_012,CAR,str_EFC,2017,0.012396694214876
CAR_EFC_2017_019,CAR,str_EFC,2017,0.0367231638418079
CAR_EFC_2017_025,CAR,str_EFC,2017,0.0237430167597765
CAR_EFC_2017_027,CAR,str_EFC,2017,0.0333863275039746
CAR_EFC_2017_028,CAR,str_EFC,2017,0.0418679549114332
CAR_GOC_2017_033,CAR,str_GOC,2017,0.0251748251748252
CAR_GOC_2017_034,CAR,str_GOC,2017,0.0266479663394109
CAR_GOC_2017_035,CAR,str_GOC,2017,0.0371428571428571
CAR_GOC_2017_036,CAR,str_GOC,2017,0.0298719772403983
CAR_GOC_2017_037,CAR,str_GOC,2017,0.040133779264214
CAR_GOC_2017_038,CAR,str_GOC,2017,0.0266479663394109
CAR_GOC_2017_039,CAR,str_GOC,2017,0.0296296296296296
CAR_GOC_2017_041,CAR,str_GOC,2017,0.00969529085872576
CAR_GOC_2017_043,CAR,str_GOC,2017,0.018005540166205
CAR_GOC_2017_044,CAR,str_GOC,2017,0.0284900284900285
CAR_MUR_2017_045,CAR,str_MUR,2017,0.0323383084577114
CAR_MUR_2017_046,CAR,str_MUR,2017,0.0453686200378072
CAR_MUR_2017_050,CAR,str_MUR,2017,0.0322085889570552
CAR_MUR_2017_051,CAR,str_MUR,2017,0.032015065913371
CAR_MUR_2017_054,CAR,str_MUR,2017,0.0342342342342342
CAR_MUR_2017_056,CAR,str_MUR,2017,0.0123456790123457
CAR_MUR_2017_058,CAR,str_MUR,2017,0.0306278713629403
CAR_MUR_2017_059,CAR,str_MUR,2017,0.0238450074515648
CAR_MUR_2017_061,CAR,str_MUR,2017,0.0279823269513991
CAR_MUR_2017_064,CAR,str_MUR,2017,0.0290697674418605
CAR_MUR_2017_065,CAR,str_MUR,2017,0.0266222961730449
CAR_MUR_2017_068,CAR,str_MUR,2017,0.0277349768875193
CAR_MUR_2017_070,CAR,str_MUR,2017,0.0299850074962519
CAR_MUR_2017_071,CAR,str_MUR,2017,0.024
CAR_POI_2017_073,CAR,str_POI,2017,0.0178571428571429
CAR_POI_2017_075,CAR,str_POI,2017,0.0305232558139535
CAR_POI_2017_077,CAR,str_POI,2017,0.0209677419354839
CAR_POI_2017_078,CAR,str_POI,2017,0.00881057268722467
CAR_POI_2017_080,CAR,str_POI,2017,0.0215982721382289
CAR_POI_2017_082,CAR,str_POI,2017,0.0136986301369863
CAR_POI_2017_083,CAR,str_POI,2017,0.0140845070422535
CAR_POI_2017_085,CAR,str_POI,2017,0.0156657963446475
CAR_POI_2017_087,CAR,str_POI,2017,0.0190839694656489
CAR_POI_2017_089,CAR,str_POI,2017,0.0197628458498024
CAR_POI_2017_092,CAR,str_POI,2017,0.0108359133126935
CAR_POI_2017_093,CAR,str_POI,2017,0.0133333333333333
CAR_POI_2017_096,CAR,str_POI,2017,0.0596745027124774
CAR_POI_2017_099,CAR,str_POI,2017,0.0645792563600783
CAR_POI_2017_100,CAR,str_POI,2017,0.0376344086021505
CAR_POI_2017_101,CAR,str_POI,2017,0.0366379310344828
EFH_NFC_2012_001,EFH,str_NFC,2012,0.00549450549450549
EFH_NFC_2012_002,EFH,str_NFC,2012,0.00413223140495868
EFH_NFC_2012_003,EFH,str_NFC,2012,0.00282087447108604
EFH_NFC_2012_006,EFH,str_NFC,2012,0.00954198473282443
EFH_NFC_2012_007,EFH,str_NFC,2012,0.0099009900990099
EFH_NFC_2012_008,EFH,str_NFC,2012,0.00728862973760933
EFH_NFC_2012_009,EFH,str_NFC,2012,0.00835654596100279
EFH_NFC_2012_010,EFH,str_NFC,2012,0.00547945205479452
EFH_NFC_2012_011,EFH,str_NFC,2012,0.0109717868338558
EFH_NFC_2012_012,EFH,str_NFC,2012,0.0112044817927171
EFH_NFC_2012_013,EFH,str_NFC,2012,0.0055452865064695
EFH_NFC_2012_014,EFH,str_NFC,2012,0.0135338345864662
EFH_NFC_2012_015,EFH,str_NFC,2012,0.00417246175243394
EFH_NFC_2012_016,EFH,str_NFC,2012,0.00329489291598023
EFH_NFC_2012_017,EFH,str_NFC,2012,0.0166112956810631
EFH_NFC_2012_018,EFH,str_NFC,2012,0.0111265646731572
LHU_ABE_2016_001,LHU,str_ABE,2016,0.0142045454545455
LHU_ABE_2016_002,LHU,str_ABE,2016,0.0104166666666667
LHU_ABE_2016_005,LHU,str_ABE,2016,0.0886075949367089
LHU_ABE_2016_008,LHU,str_ABE,2016,0.0347222222222222
LHU_ABE_2016_009,LHU,str_ABE,2016,0.0345528455284553
LHU_ABE_2016_010,LHU,str_ABE,2016,0.0144508670520231
LHU_ABE_2016_011,LHU,str_ABE,2016,0.0399002493765586
LHU_ABE_2016_012,LHU,str_ABE,2016,0.0177514792899408
LHU_ABE_2016_015,LHU,str_ABE,2016,0.00956022944550669
LHU_ABE_2016_017,LHU,str_ABE,2016,0.00809716599190283
LHU_ABE_2016_018,LHU,str_ABE,2016,0.0188679245283019
LHU_ABE_2016_111,LHU,str_ABE,2016,0.0183823529411765
LHU_ABE_2016_222,LHU,str_ABE,2016,0.0514184397163121
LHU_ABE_2016_333,LHU,str_ABE,2016,0.0172711571675302
LHU_ABE_2016_555,LHU,str_ABE,2016,0.0132075471698113
LHU_INC_2000_104,LHU,str_INK,2000,0.00731707317073171
LHU_INC_2000_107,LHU,str_INK,2000,0.020979020979021
LHU_INC_2000_118,LHU,str_INK,2000,0.0309278350515464
LHU_INC_2000_121,LHU,str_INK,2000,0.05
LHU_INC_2013_011,LHU,str_INK,2013,0.0182926829268293
LHU_INC_2013_012,LHU,str_INK,2013,0.032967032967033
LHU_INC_2016_001,LHU,str_INK,2016,0.0070323488045007
LHU_INC_2016_002,LHU,str_INK,2016,0.00694444444444444
LTR_IPL_2016_002,LTR,str_IPL,2016,0.0223776223776224
LTR_IPL_2016_004,LTR,str_IPL,2016,0.015647226173542
LTR_IPL_2016_006,LTR,str_IPL,2016,0.0182584269662921
LTR_IPL_2016_007,LTR,str_IPL,2016,0.0268361581920904
LTR_IPL_2016_020,LTR,str_IPL,2016,0.0178041543026706
LTR_IPL_2016_025,LTR,str_IPL,2016,0.0336749633967789
LTR_IPL_2016_028,LTR,str_IPL,2016,0.0126227208976157
LTR_IPL_2016_032,LTR,str_IPL,2016,0.0318181818181818
LTR_IPL_2016_038,LTR,str_IPL,2016,0.0137931034482759
LTR_IPL_2016_041,LTR,str_IPL,2016,0.0148367952522255
MAG_BEA_2009_052,MAG,str_BEA,2009,0.0333333333333333
MAG_BEA_2009_053,MAG,str_BEA,2009,0.0553691275167785
MAG_BEA_2009_054,MAG,str_BEA,2009,0.0189393939393939
MAG_BEA_2009_055,MAG,str_BEA,2009,0.00825309491059147
MAG_BEA_2009_057,MAG,str_BEA,2009,0.00839160839160839
MAG_BEA_2009_058,MAG,str_BEA,2009,0.00820793433652531
MAG_BEA_2009_059,MAG,str_BEA,2009,0.0110344827586207
MAG_BEA_2009_060,MAG,str_BEA,2009,0.0110344827586207
MAG_BEA_2009_061,MAG,str_BEA,2009,0.012396694214876
MAG_BEA_2009_062,MAG,str_BEA,2009,0.0125
MAG_BEA_2015_063,MAG,str_BEA,2015,0.0124309392265193
MAG_BEA_2015_064,MAG,str_BEA,2015,0.0120481927710843
MAG_BEA_2015_066,MAG,str_BEA,2015,0.0195121951219512
MAG_BEA_2015_069,MAG,str_BEA,2015,0.0145985401459854
MAG_BEA_2015_074,MAG,str_BEA,2015,0.0555555555555556
MAG_BEA_2015_078,MAG,str_BEA,2015,0.0265734265734266
MAG_BEA_2015_079,MAG,str_BEA,2015,0.0354505169867061
MAG_BEA_2015_082,MAG,str_BEA,2015,0.0283687943262411
MAG_BEA_2015_083,MAG,str_BEA,2015,0.0256410256410256
MAG_BEA_2015_084,MAG,str_BEA,2015,0.0204081632653061
MAG_BEA_2015_087,MAG,str_BEA,2015,0.0202312138728324
MAG_COY_2009_012,MAG,str_COY,2009,0.00408719346049046
MAG_COY_2009_013,MAG,str_COY,2009,0.05
MAG_COY_2009_014,MAG,str_COY,2009,0.00834492350486787
MAG_COY_2009_015,MAG,str_COY,2009,0.0406698564593301
MAG_COY_2009_016,MAG,str_COY,2009,0.0187861271676301
MAG_COY_2009_019,MAG,str_COY,2009,0.0285714285714286
MAG_COY_2009_020,MAG,str_COY,2009,0.0207100591715976
MAG_COY_2009_022,MAG,str_COY,2009,0.0251748251748252
MAG_COY_2009_025,MAG,str_COY,2009,0.0670103092783505
MAG_COY_2009_026,MAG,str_COY,2009,0.154761904761905
MAG_COY_2015_001,MAG,str_COY,2015,0.025
MAG_COY_2015_002,MAG,str_COY,2015,0.0223285486443381
MAG_COY_2015_003,MAG,str_COY,2015,0.0204778156996587
MAG_COY_2015_006,MAG,str_COY,2015,0.0224719101123595
MAG_COY_2015_009,MAG,str_COY,2015,0.0240480961923848
MAG_COY_2015_010,MAG,str_COY,2015,0.0241477272727273
MAG_COY_2015_012,MAG,str_COY,2015,0.0152143845089903
MAG_COY_2015_014,MAG,str_COY,2015,0.0214067278287462
MAG_COY_2015_015,MAG,str_COY,2015,0.0184331797235023
MAG_COY_2015_016,MAG,str_COY,2015,0.0345744680851064
MAG_COY_2015_018,MAG,str_COY,2015,0.0252707581227437
MAG_COY_2015_021,MAG,str_COY,2015,0.0124031007751938
MAG_COY_2015_027,MAG,str_COY,2015,0.0372670807453416
MAG_COY_2015_031,MAG,str_COY,2015,0.0130434782608696
MAG_COY_2015_036,MAG,str_COY,2015,0.0242424242424242
MAG_LJK_2009_017,MAG,str_LJK,2009,0.0776699029126214
MAG_LJK_2009_018,MAG,str_LJK,2009,0.0446096654275093
MAG_LJK_2009_019,MAG,str_LJK,2009,0.0490463215258856
MAG_LJK_2009_021,MAG,str_LJK,2009,0.0560538116591928
MAG_LJK_2009_022,MAG,str_LJK,2009,0.0833333333333333
MAG_LJK_2009_031,MAG,str_LJK,2009,0.0546623794212219
MAG_LJK_2009_033,MAG,str_LJK,2009,0.0141643059490085
MAG_LJK_2009_034,MAG,str_LJK,2009,0.0267605633802817
MAG_LJK_2009_035,MAG,str_LJK,2009,0.0122324159021407
MAG_LJK_2009_036,MAG,str_LJK,2009,0.0239880059970015
MAG_LJK_2009_037,MAG,str_LJK,2009,0.0530612244897959
MAG_LJK_2009_038,MAG,str_LJK,2009,0.0340425531914894
MAG_LJK_2015_038,MAG,str_LJK,2015,0.166666666666667
MAG_LJK_2015_039,MAG,str_LJK,2015,0.0581395348837209
MAG_LJK_2015_040,MAG,str_LJK,2015,0.153846153846154
MAG_LJK_2015_041,MAG,str_LJK,2015,0.0571428571428571
MAG_LJK_2015_043,MAG,str_LJK,2015,0.0895522388059701
MAG_LJK_2015_046,MAG,str_LJK,2015,0.00854700854700855
MAG_LJK_2015_048,MAG,str_LJK,2015,0.0555555555555556
MAG_LJK_2015_053,MAG,str_LJK,2015,0.00823045267489712
MAG_LJK_2015_058,MAG,str_LJK,2015,0.046875
MAG_LJK_2015_059,MAG,str_LJK,2015,0.0555555555555556
MAG_LJK_2015_060,MAG,str_LJK,2015,0.0555555555555556
MAR_HAN_2012_001,MAR,str_HAN,2012,0.0152173913043478
MAR_HAN_2012_002,MAR,str_HAN,2012,0.0361757105943152
MAR_HAN_2012_004,MAR,str_HAN,2012,0.0573065902578797
MAR_HAN_2012_005,MAR,str_HAN,2012,0.0416666666666667
MAR_HAN_2012_006,MAR,str_HAN,2012,0.0465116279069767
MAR_HAN_2012_007,MAR,str_HAN,2012,0.0227617602427921
MAR_HAN_2012_009,MAR,str_HAN,2012,0.0969387755102041
MAR_HAN_2012_010,MAR,str_HAN,2012,0.0183767228177642
MAR_HAN_2012_011,MAR,str_HAN,2012,0.0151187904967603
MAR_HAN_2012_012,MAR,str_HAN,2012,0.0191082802547771
MAR_HAN_2012_014,MAR,str_HAN,2012,0.0346456692913386
MAR_HAN_2012_016,MAR,str_HAN,2012,0.0131578947368421
MAR_HAN_2012_017,MAR,str_HAN,2012,0.0154320987654321
MAR_HAN_2012_020,MAR,str_HAN,2012,0.0136054421768707
MAR_HAN_2012_022,MAR,str_HAN,2012,0.0232142857142857
MAR_HAN_2012_023,MAR,str_HAN,2012,0.0404984423676012
MAR_HAN_2012_024,MAR,str_HAN,2012,0.0160714285714286
MAR_HAN_2012_025,MAR,str_HAN,2012,0.0304789550072569
MAR_MAE_2016_001,MAR,str_MAE,2016,0.0396825396825397
MAR_MAE_2016_002,MAR,str_MAE,2016,0.0318302387267905
MAR_MAE_2016_003,MAR,str_MAE,2016,0.0128022759601707
MAR_MAE_2016_004,MAR,str_MAE,2016,0.0180305131761442
MAR_MAE_2016_005,MAR,str_MAE,2016,0.01620029455081
MAR_MAR_2017_001,MAR,str_MAR,2017,0.0137741046831956
MAR_MAR_2017_002,MAR,str_MAR,2017,0.0096551724137931
MAR_MAR_2017_003,MAR,str_MAR,2017,0.00848656294200849
MAR_MAR_2017_004,MAR,str_MAR,2017,0.00977653631284916
MAR_MAR_2017_005,MAR,str_MAR,2017,0.0169014084507042
MAR_MAR_2017_006,MAR,str_MAR,2017,0.0165745856353591
MAR_MAR_2017_011,MAR,str_MAR,2017,0.0222531293463143
MAR_MAR_2017_012,MAR,str_MAR,2017,0.0205831903945112
MAR_MAR_2017_013,MAR,str_MAR,2017,0.0154277699859748
MAR_MAR_2017_134,MAR,str_MAR,2017,0.0111111111111111
MAR_MAR_2017_144,MAR,str_MAR,2017,0.032051282051282
MAR_MAR_2017_152,MAR,str_MAR,2017,0.0287162162162162
MAR_MAR_2017_157,MAR,str_MAR,2017,0.012280701754386
MAR_MAR_2017_158,MAR,str_MAR,2017,0.0126760563380282
MAR_MAR_2017_159,MAR,str_MAR,2017,0.0232896652110626
MAR_MAR_2017_165,MAR,str_MAR,2017,0.0139082058414465
MAR_MAR_2017_167,MAR,str_MAR,2017,0.0236220472440945
MAR_MAR_2017_169,MAR,str_MAR,2017,0.0218068535825545
MAR_MAR_2017_170,MAR,str_MAR,2017,0.0183356840620592
MAR_MAR_2017_172,MAR,str_MAR,2017,0.0306748466257669
MAR_MAU_2016_001,MAR,str_MAU,2016,0.0264993026499303
MAR_MAU_2016_002,MAR,str_MAU,2016,0.041958041958042
MAR_MAU_2016_003,MAR,str_MAU,2016,0.0524271844660194
MAR_MAU_2016_004,MAR,str_MAU,2016,0.0480349344978166
MAR_MRB_2016_001,MAR,str_MRB,2016,0.0114122681883024
MAR_MRB_2016_002,MAR,str_MRB,2016,0.0168302945301543
MAR_MRB_2016_003,MAR,str_MRB,2016,0.0369458128078818
MAR_MRB_2016_005,MAR,str_MRB,2016,0.00949367088607595
MAR_MRB_2016_006,MAR,str_MRB,2016,0.058695652173913
MAR_TCR_2002_001,MAR,str_TCR,2002,0.024390243902439
MAR_TCR_2002_002,MAR,str_TCR,2002,0.0172413793103448
MAR_TCR_2002_009,MAR,str_TCR,2002,0.0118110236220472
MAR_TCR_2002_011,MAR,str_TCR,2002,0.0131771595900439
MAR_TCR_2002_017,MAR,str_TCR,2002,0.083969465648855
MAR_TCR_2002_020,MAR,str_TCR,2002,0.0127659574468085
MAR_TCR_2002_022,MAR,str_TCR,2002,0.0280701754385965
MAR_TCR_2002_024,MAR,str_TCR,2002,0.0111464968152866
MAR_TCR_2002_025,MAR,str_TCR,2002,0.0175879396984925
MAR_TCR_2017_009,MAR,str_TCR,2017,0.0737704918032787
MAR_TCR_2017_012,MAR,str_TCR,2017,0.0222841225626741
MAR_TCR_2017_016,MAR,str_TCR,2017,0.0137614678899083
MAR_TCR_2017_017,MAR,str_TCR,2017,0.0194444444444444
MAR_TCR_2017_020,MAR,str_TCR,2017,0.018413597733711
MAR_TCR_2017_024,MAR,str_TCR,2017,0.0219941348973607
MAR_TCR_2017_028,MAR,str_TCR,2017,0.00979020979020979
MAR_TCR_2017_030,MAR,str_TCR,2017,0.0110650069156293
MAR_TCR_2017_034,MAR,str_TCR,2017,0.0163447251114413
MAR_TCR_2017_039,MAR,str_TCR,2017,0.0330935251798561
MAR_TCR_2017_042,MAR,str_TCR,2017,0.0210378681626928
MAR_TCR_2017_047,MAR,str_TCR,2017,0.020497803806735
MAR_TCR_2017_048,MAR,str_TCR,2017,0.0140252454417952
MAR_TCR_2017_049,MAR,str_TCR,2017,0.0180451127819549
MAR_WIC_2000_082,MAR,str_WIC,2000,0.0201438848920863
MAR_WIC_2000_083,MAR,str_WIC,2000,0.0226628895184136
MAR_WIC_2000_085,MAR,str_WIC,2000,0.0106707317073171
MAR_WIC_2000_087,MAR,str_WIC,2000,0.0124137931034483
MAR_WIC_2000_089,MAR,str_WIC,2000,0.011142061281337
MAR_WIC_2000_091,MAR,str_WIC,2000,0.0225563909774436
MAR_WIC_2000_092,MAR,str_WIC,2000,0.0213414634146341
MAR_WIC_2000_093,MAR,str_WIC,2000,0.0167832167832168
MAR_WIC_2000_094,MAR,str_WIC,2000,0.0309734513274336
MAR_WIC_2000_095,MAR,str_WIC,2000,0.0130890052356021
MAR_WIC_2000_097,MAR,str_WIC,2000,0.0337552742616034
MAR_WIC_2000_098,MAR,str_WIC,2000,0.0138888888888889
MAR_WIC_2000_099,MAR,str_WIC,2000,0.0601719197707736
MAR_WIC_2000_100,MAR,str_WIC,2000,0.0159189580318379
MAR_WIC_2000_113,MAR,str_WIC,2000,0.0227272727272727
MAR_WIC_2000_114,MAR,str_WIC,2000,0.00960219478737997
MAR_WIC_2017_003,MAR,str_WIC,2017,0.0397643593519882
MAR_WIC_2017_004,MAR,str_WIC,2017,0.0110803324099723
MAR_WIC_2017_005,MAR,str_WIC,2017,0.020891364902507
MAR_WIC_2017_009,MAR,str_WIC,2017,0.0154494382022472
MAR_WIC_2017_013,MAR,str_WIC,2017,0.0194174757281553
MAR_WIC_2017_016,MAR,str_WIC,2017,0.0179558011049724
MAR_WIC_2017_021,MAR,str_WIC,2017,0.0152990264255911
MAR_WIC_2017_024,MAR,str_WIC,2017,0.0228690228690229
MAR_WIC_2017_026,MAR,str_WIC,2017,0.0166666666666667
MAR_WIC_2017_027,MAR,str_WIC,2017,0.0471512770137525
MAR_WIC_2017_030,MAR,str_WIC,2017,0.0328102710413695
MAR_WMR_2000_033,MAR,str_WMR,2000,0.0166666666666667
MAR_WMR_2000_037,MAR,str_WMR,2000,0.0151515151515152
MAR_WMR_2016_001,MAR,str_WMR,2016,0.04296875
MAR_WMR_2016_002,MAR,str_WMR,2016,0.0109739368998628
MAR_WMR_2016_003,MAR,str_WMR,2016,0.00972222222222222
MAR_WMR_2016_004,MAR,str_WMR,2016,0.0110192837465565
MAR_WMR_2016_005,MAR,str_WMR,2016,0.0210727969348659
MCD_CCC_2017_001,MCD,str_CCC,2017,0.0069060773480663
MCD_CCC_2017_002,MCD,str_CCC,2017,0.0145560407569141
MCD_CCC_2017_003,MCD,str_CCC,2017,0.0121457489878543
MCD_CCC_2017_005,MCD,str_CCC,2017,0.0384615384615385
MCD_CCC_2017_006,MCD,str_CCC,2017,0.0495626822157434
MCD_CCC_2017_007,MCD,str_CCC,2017,0.0124137931034483
MCD_CCC_2017_008,MCD,str_CCC,2017,0.00833333333333333
MCD_CCC_2017_009,MCD,str_CCC,2017,0.0113798008534851
MCD_CCC_2017_010,MCD,str_CCC,2017,0.0573770491803279
MCD_CCC_2017_011,MCD,str_CCC,2017,0.04
MCD_INC_1998_010,MCD,str_INC,1998,0.0895061728395062
MCD_LIN_2000_101,MCD,str_LIN,2000,0.0136570561456753
MCD_LIN_2000_102,MCD,str_LIN,2000,0.00883652430044183
MCD_LIN_2000_104,MCD,str_LIN,2000,0.0101892285298399
MCD_LIN_2000_105,MCD,str_LIN,2000,0.00553250345781466
MCD_LIN_2000_109,MCD,str_LIN,2000,0.0126811594202899
MCD_LIN_2000_111,MCD,str_LIN,2000,0.0230769230769231
MCD_LIN_2000_112,MCD,str_LIN,2000,0.031055900621118
MCD_LIN_2000_113,MCD,str_LIN,2000,0.0131795716639209
MCD_LIN_2017_001,MCD,str_LIN,2017,0.00968523002421308
MCD_LIN_2017_002,MCD,str_LIN,2017,0.0170648464163823
MCD_LIN_2017_004,MCD,str_LIN,2017,0.112698412698413
MCD_LIN_2017_005,MCD,str_LIN,2017,0.113350125944584
MCD_LIN_2017_006,MCD,str_LIN,2017,0.0214592274678112
NFH_FOR_1997_001,NFH,str_FOR,1997,0.0169971671388102
NFH_FOR_1997_021,NFH,str_FOR,1997,0.28169014084507
NFH_FOR_1997_053,NFH,str_FOR,1997,0.37037037037037
NFH_FOR_1997_054,NFH,str_FOR,1997,0.130434782608696
NFH_FOR_1997_055,NFH,str_FOR,1997,0.0561122244488978
NFH_FOR_1997_081,NFH,str_FOR,1997,0.0297951582867784
NFH_FOR_1997_092,NFH,str_FOR,1997,0.023943661971831
NFH_FOR_1997_111,NFH,str_FOR,1997,0.0204081632653061
NFH_FOR_2017_014,NFH,str_FOR,2017,0.0847457627118644
NFH_FOR_2017_016,NFH,str_FOR,2017,0.122743682310469
NFH_FOR_2017_051,NFH,str_FOR,2017,0.179856115107914
NFH_FOR_2017_055,NFH,str_FOR,2017,0.015625
NFH_FOR_2017_059,NFH,str_FOR,2017,0.0589887640449438
NFH_FOR_2017_065,NFH,str_FOR,2017,0.0505415162454874
NFH_FOR_2017_067,NFH,str_FOR,2017,0.036144578313253
NFH_FOR_2017_078,NFH,str_FOR,2017,0.0219298245614035
NFH_FOR_2017_102,NFH,str_FOR,2017,0.03125
NFH_FOR_2017_105,NFH,str_FOR,2017,0.0769230769230769
NFH_FOR_2017_107,NFH,str_FOR,2017,0.103448275862069
NFH_FOR_2017_110,NFH,str_FOR,2017,0.0414507772020725
NFH_FOR_2017_115,NFH,str_FOR,2017,0.036144578313253
NFH_FOR_2017_124,NFH,str_FOR,2017,0.043010752688172
NFH_FOR_2017_126,NFH,str_FOR,2017,0.0133111480865225
NFH_FOR_2017_129,NFH,str_FOR,2017,0.0847457627118644
NFH_GAN_2000_101,NFH,str_GAN,2000,0.0196560196560197
NFH_GAN_2000_102,NFH,str_GAN,2000,0.0333333333333333
NFH_GAN_2000_108,NFH,str_GAN,2000,0
NFH_GAN_2000_109,NFH,str_GAN,2000,0.0549450549450549
NFH_GAN_2000_110,NFH,str_GAN,2000,0.0307017543859649
NFH_GAN_2000_111,NFH,str_GAN,2000,0.05
NFH_GAN_2017_002,NFH,str_GAN,2017,0.038659793814433
NFH_GAN_2017_003,NFH,str_GAN,2017,0.0458015267175573
NFH_GAN_2017_004,NFH,str_GAN,2017,0.0408921933085502
NFH_GAN_2017_005,NFH,str_GAN,2017,0.0301507537688442
NFH_GAN_2017_006,NFH,str_GAN,2017,0.0972222222222222
NFH_GAN_2017_007,NFH,str_GAN,2017,0.021021021021021
NFH_GAN_2017_008,NFH,str_GAN,2017,0.0230547550432277
NFH_GAN_2017_010,NFH,str_GAN,2017,0.0137741046831956
NFH_GAN_2017_011,NFH,str_GAN,2017,0.0253521126760563
NFH_GAN_2017_012,NFH,str_GAN,2017,0.0170316301703163
NFH_GAN_2017_013,NFH,str_GAN,2017,0.023021582733813
NFH_GAN_2017_014,NFH,str_GAN,2017,0.0166435506241331
NFH_GAN_2017_015,NFH,str_GAN,2017,0.0166898470097357
NFH_GAN_2017_017,NFH,str_GAN,2017,0.0193637621023513
NFH_GAN_2017_018,NFH,str_GAN,2017,0.0197486535008977
NFH_GAN_2017_019,NFH,str_GAN,2017,0.0198019801980198
NFH_GAN_2017_020,NFH,str_GAN,2017,0.0104166666666667
OOB_OHR_2011_001,OOB,str_OHR,2011,0.0431654676258993
PPT_LNF_2016_002,PPT,str_LNF,2016,0.0155440414507772
PPT_LNF_2016_003,PPT,str_LNF,2016,0.0262582056892779
PPT_LNF_2016_004,PPT,str_LNF,2016,0.0653266331658292
PPT_LNF_2016_005,PPT,str_LNF,2016,0.013677811550152
PPT_LNF_2016_006,PPT,str_LNF,2016,0.0207253886010363
PPT_LNF_2016_007,PPT,str_LNF,2016,0.0224215246636771
PPT_LNF_2016_009,PPT,str_LNF,2016,0.0270833333333333
PPT_LNF_2016_010,PPT,str_LNF,2016,0.0223880597014925
PPT_LNF_2016_013,PPT,str_LNF,2016,0.0349854227405248
PPT_LNF_2016_018,PPT,str_LNF,2016,0.0260223048327138
PPT_LNF_2016_019,PPT,str_LNF,2016,0.0346153846153846
PPT_LNF_2016_020,PPT,str_LNF,2016,0.0353982300884956
QUI_AND_2016_001,QUI,str_AND,2016,0.00469483568075117
QUI_AND_2016_002,QUI,str_AND,2016,0.00234192037470726
QUI_AND_2016_003,QUI,str_AND,2016,0.0112903225806452
QUI_AND_2016_004,QUI,str_AND,2016,0.0091533180778032
QUI_AND_2016_005,QUI,str_AND,2016,0.0135658914728682
QUI_AND_2016_006,QUI,str_AND,2016,0.026431718061674
QUI_AND_2016_111,QUI,str_AND,2016,0.0447761194029851
QUI_NFB_2013_117,QUI,str_NFB,2013,0.00583090379008746
QUI_NFB_2013_118,QUI,str_NFB,2013,0.0213592233009709
QUI_NFB_2013_119,QUI,str_NFB,2013,0.0146252285191956
QUI_NFB_2013_120,QUI,str_NFB,2013,0.0119047619047619
QUI_NFB_2013_121,QUI,str_NFB,2013,0.00136425648021828
QUI_NFB_2013_122,QUI,str_NFB,2013,0.017578125
QUI_NFB_2013_123,QUI,str_NFB,2013,0.0268292682926829
QUI_NFB_2013_124,QUI,str_NFB,2013,0.0114285714285714
QUI_CMC_2016_001,QUI,str_CMC,2016,0.00938967136150235
QUI_CMC_2016_004,QUI,str_CMC,2016,0.0208333333333333
QUI_CMC_2016_005,QUI,str_CMC,2016,0.00294985250737463
QUI_CMC_2016_006,QUI,str_CMC,2016,0.0130718954248366
QUI_CMC_2016_007,QUI,str_CMC,2016,0.0168855534709193
QUI_CMC_2016_008,QUI,str_CMC,2016,0.019774011299435
QUI_CMC_2016_010,QUI,str_CMC,2016,0.0235294117647059
QUI_CMC_2016_011,QUI,str_CMC,2016,0.01620029455081
QUI_CMC_2016_013,QUI,str_CMC,2016,0.010989010989011
QUI_CMC_2016_014,QUI,str_CMC,2016,0.00813008130081301
QUI_CMC_2016_015,QUI,str_CMC,2016,0.0159651669085631
QUI_CMC_2016_016,QUI,str_CMC,2016,0.0552995391705069
QUI_CMC_2016_017,QUI,str_CMC,2016,0.00827586206896552
QUI_CMC_2016_018,QUI,str_CMC,2016,0.0115107913669065
QUI_FCC_2017_002,QUI,str_FCC,2017,0.0844827586206897
QUI_FCC_2017_003,QUI,str_FCC,2017,0.0549199084668192
QUI_FCC_2017_004,QUI,str_FCC,2017,0.0709046454767726
QUI_FCC_2017_005,QUI,str_FCC,2017,0.0772200772200772
QUI_FCC_2017_006,QUI,str_FCC,2017,0.0558659217877095
QUI_FCC_2017_007,QUI,str_FCC,2017,0.0960698689956332
QUI_FCC_2017_010,QUI,str_FCC,2017,0.0837696335078534
QUI_FCC_2017_011,QUI,str_FCC,2017,0.116173120728929
QUI_FCC_2017_012,QUI,str_FCC,2017,0.10580204778157
QUI_JCC_2017_001,QUI,str_JCC,2017,0.0507982583454282
QUI_JCC_2017_002,QUI,str_JCC,2017,0.0942148760330579
QUI_JCC_2017_003,QUI,str_JCC,2017,0.0610997963340122
QUI_JCC_2017_004,QUI,str_JCC,2017,0.264367816091954
QUI_JCC_2017_005,QUI,str_JCC,2017,0.11128526645768
QUI_JCC_2017_006,QUI,str_JCC,2017,0.115044247787611
QUI_JCC_2017_007,QUI,str_JCC,2017,0.144366197183099
QUI_JCC_2017_008,QUI,str_JCC,2017,0.0844444444444444
QUI_JCC_2017_009,QUI,str_JCC,2017,0.119617224880383
QUI_JCC_2017_010,QUI,str_JCC,2017,0.0540123456790123
QUI_JCC_2017_011,QUI,str_JCC,2017,0.131868131868132
QUI_JCC_2017_012,QUI,str_JCC,2017,0.104395604395604
QUI_JCC_2017_013,QUI,str_JCC,2017,0.101910828025478
QUI_JCC_2017_014,QUI,str_JCC,2017,0.0530035335689046
QUI_JCC_2017_015,QUI,str_JCC,2017,0.0333333333333333
QUI_LON_2011_216,QUI,str_LON,2011,0.0222841225626741
QUI_LON_2011_217,QUI,str_LON,2011,0.0223152022315202
QUI_LON_2011_218,QUI,str_LON,2011,0.0095389507154213
QUI_LON_2011_220,QUI,str_LON,2011,0.0330578512396694
QUI_LON_2011_221,QUI,str_LON,2011,0.015130674002751
QUI_LON_2011_223,QUI,str_LON,2011,0.00710227272727273
QUI_LON_2011_226,QUI,str_LON,2011,0.0112359550561798
QUI_LON_2011_227,QUI,str_LON,2011,0.0223463687150838
QUI_LON_2011_230,QUI,str_LON,2011,0.0732984293193717
QUI_LON_2011_231,QUI,str_LON,2011,0.011844331641286
QUI_LON_2011_232,QUI,str_LON,2011,0.0187793427230047
QUI_LON_2011_233,QUI,str_LON,2011,0.0223880597014925
QUI_LON_2016_001,QUI,str_LON,2016,0.0174418604651163
QUI_LON_2016_002,QUI,str_LON,2016,0.00783699059561128
QUI_LON_2016_003,QUI,str_LON,2016,0.0519262981574539
QUI_NFB_2016_001,QUI,str_NFB,2016,0.0165289256198347
QUI_NFB_2016_002,QUI,str_NFB,2016,0.0113636363636364
QUI_NFB_2016_003,QUI,str_NFB,2016,0.00594059405940594
QUI_NFB_2016_004,QUI,str_NFB,2016,0.0107197549770291
QUI_NFB_2016_005,QUI,str_NFB,2016,0.0115894039735099
QUI_NFB_2016_006,QUI,str_NFB,2016,0.0072992700729927
QUI_NFB_2016_007,QUI,str_NFB,2016,0.014218009478673
QUI_WAC_1997_006,QUI,str_WAC,1997,0.00408719346049046
QUI_WAC_1997_007,QUI,str_WAC,1997,0.00597907324364723
QUI_WAC_1997_008,QUI,str_WAC,1997,0.0141509433962264
QUI_WAC_1997_011,QUI,str_WAC,1997,0.0229555236728838
QUI_WAC_1997_013,QUI,str_WAC,1997,0.00961538461538462
QUI_WAC_1997_014,QUI,str_WAC,1997,0.0158730158730159
QUI_WAC_1997_015,QUI,str_WAC,1997,0.0306306306306306
QUI_WAC_1997_016,QUI,str_WAC,1997,0.0223752151462995
QUI_WAC_1997_017,QUI,str_WAC,1997,0.0216763005780347
QUI_WAC_1997_018,QUI,str_WAC,1997,0.012448132780083
QUI_WAC_1997_019,QUI,str_WAC,1997,0.0283018867924528
QUI_WAC_1997_020,QUI,str_WAC,1997,0.0360824742268041
QUI_WAC_1997_021,QUI,str_WAC,1997,0.00549450549450549
QUI_WAC_1997_022,QUI,str_WAC,1997,0.0143266475644699
QUI_WAC_1997_023,QUI,str_WAC,1997,0.0200286123032904
QUI_WAC_1997_024,QUI,str_WAC,1997,0.0187074829931973
QUI_WAC_1997_025,QUI,str_WAC,1997,0.0140449438202247
QUI_WAC_2016_001,QUI,str_WAC,2016,0.0213903743315508
QUI_WAC_2016_002,QUI,str_WAC,2016,0.0222222222222222
QUI_WAC_2016_004,QUI,str_WAC,2016,0.0138613861386139
QUI_WAC_2016_005,QUI,str_WAC,2016,0.00881834215167548
QUI_WAC_2016_006,QUI,str_WAC,2016,0.0101867572156197
QUI_WAC_2016_008,QUI,str_WAC,2016,0.0134328358208955
QUI_WAC_2016_011,QUI,str_WAC,2016,0.0102389078498294
QUI_WAC_2016_012,QUI,str_WAC,2016,0.00911161731207289
REE_CRA_2009_134,REE,str_CRA,2009,0.0222222222222222
REE_CRA_2009_135,REE,str_CRA,2009,0.00408719346049046
REE_CRA_2009_136,REE,str_CRA,2009,0.00412654745529574
REE_CRA_2009_137,REE,str_CRA,2009,0.00280504908835905
REE_CRA_2009_138,REE,str_CRA,2009,0.00272479564032698
REE_CRA_2009_139,REE,str_CRA,2009,0.00997150997150997
REE_CRA_2009_141,REE,str_CRA,2009,0
REE_CRA_2009_142,REE,str_CRA,2009,0.00503778337531486
REE_CRA_2009_143,REE,str_CRA,2009,0
REE_CRA_2009_144,REE,str_CRA,2009,0.00286944045911047
REE_CRA_2009_145,REE,str_CRA,2009,0.00272479564032698
REE_CRA_2009_146,REE,str_CRA,2009,0.00547195622435021
REE_CRA_2009_147,REE,str_CRA,2009,0.0113636363636364
REE_CRA_2009_148,REE,str_CRA,2009,0.00416666666666667
REE_CRA_2009_149,REE,str_CRA,2009,0.00135685210312076
REE_CRA_2009_150,REE,str_CRA,2009,0.00398406374501992
REE_CRA_2009_151,REE,str_CRA,2009,0.00136425648021828
REE_CRA_2009_152,REE,str_CRA,2009,0.00699300699300699
REE_CRA_2009_153,REE,str_CRA,2009,0.00410396716826265
REE_CRA_2009_154,REE,str_CRA,2009,0.00186219739292365
REE_CRA_2009_155,REE,str_CRA,2009,0
REE_MHK_2000_003,REE,str_MHK,2000,0.00135869565217391
REE_MHK_2000_004,REE,str_MHK,2000,0.00272851296043656
REE_MHK_2000_005,REE,str_MHK,2000,0.0172413793103448
REE_MHK_2000_006,REE,str_MHK,2000,0.00581395348837209
REE_MHK_2000_009,REE,str_MHK,2000,0.00687757909215956
REE_MHK_2000_011,REE,str_MHK,2000,0.0075187969924812
REE_MHK_2000_012,REE,str_MHK,2000,0.00520833333333333
REE_MHK_2000_013,REE,str_MHK,2000,0.00135685210312076
REE_MHK_2000_014,REE,str_MHK,2000,0.00271739130434783
REE_MHK_2000_015,REE,str_MHK,2000,0.00286123032904149
REE_MHK_2000_016,REE,str_MHK,2000,0.032
REE_MHK_2000_017,REE,str_MHK,2000,0.00599700149925037
REE_MHK_2000_022,REE,str_MHK,2000,0.00412087912087912
REE_MHK_2000_023,REE,str_MHK,2000,0.00431654676258993
REE_MHK_2000_025,REE,str_MHK,2000,0.00975609756097561
REE_MHK_2000_026,REE,str_MHK,2000,0.00272851296043656
REE_MHK_2000_027,REE,str_MHK,2000,0.0181818181818182
REE_MHK_2000_028,REE,str_MHK,2000,0.0126050420168067
REE_MHK_2000_029,REE,str_MHK,2000,0.00342465753424658
REE_MHK_2000_031,REE,str_MHK,2000,0
REE_MHK_2016_001,REE,str_MHK,2016,0.0145631067961165
REE_MHK_2016_002,REE,str_MHK,2016,0
REE_MHK_2016_003,REE,str_MHK,2016,0.00447761194029851
REE_MHK_2016_004,REE,str_MHK,2016,0.00416666666666667
REE_MHK_2016_005,REE,str_MHK,2016,0.0094488188976378
REE_MRV_2016_001,REE,str_MRV,2016,0.0140449438202247
REE_MRV_2016_002,REE,str_MRV,2016,0.00553250345781466
REE_MRV_2016_003,REE,str_MRV,2016,0.00833333333333333
REE_MRV_2016_004,REE,str_MRV,2016,0.00550964187327824
REE_MRV_2016_005,REE,str_MRV,2016,0.00857632933104631
REE_TNY_2001_003,REE,str_TNY,2001,0.0151843817787419
REE_TNY_2001_004,REE,str_TNY,2001,0.0165165165165165
REE_TNY_2001_006,REE,str_TNY,2001,0.0239234449760766
REE_TNY_2001_008,REE,str_TNY,2001,0.0208333333333333
REE_TNY_2001_009,REE,str_TNY,2001,0.0150753768844221
REE_TNY_2001_010,REE,str_TNY,2001,0.018018018018018
REE_TNY_2001_011,REE,str_TNY,2001,0.0072463768115942
REE_TNY_2001_012,REE,str_TNY,2001,0.03125
REE_TNY_2001_014,REE,str_TNY,2001,0.0180505415162455
REE_TNY_2001_015,REE,str_TNY,2001,0.0147058823529412
REE_TNY_2001_016,REE,str_TNY,2001,0.00823045267489712
REE_TNY_2001_017,REE,str_TNY,2001,0.00275862068965517
REE_TNY_2012_001,REE,str_TNY,2012,0.0126811594202899
REE_TNY_2012_002,REE,str_TNY,2012,0.0151515151515152
REE_TNY_2012_003,REE,str_TNY,2012,0.00278551532033426
ROC_FRZ_1997_005,ROC,str_FRZ,1997,0.0263157894736842
ROC_FRZ_1997_009,ROC,str_FRZ,1997,0.0278592375366569
ROC_FRZ_1997_011,ROC,str_FRZ,1997,0.0219435736677116
ROC_FRZ_1997_022,ROC,str_FRZ,1997,0.0390879478827362
ROC_FRZ_1997_026,ROC,str_FRZ,1997,0.0381679389312977
ROC_FRZ_2000_023,ROC,str_FRZ,2000,0.0191304347826087
ROC_FRZ_2000_030,ROC,str_FRZ,2000,0.032258064516129
ROC_FRZ_2000_032,ROC,str_FRZ,2000,0.0421348314606742
ROC_FRZ_2000_035,ROC,str_FRZ,2000,0.0194489465153971
ROC_FRZ_2000_039,ROC,str_FRZ,2000,0.0198019801980198
ROC_FRZ_2000_046,ROC,str_FRZ,2000,0.027027027027027
ROC_FRZ_2017_001,ROC,str_FRZ,2017,0.0210696920583468
ROC_FRZ_2017_008,ROC,str_FRZ,2017,0.0290556900726392
ROC_FRZ_2017_015,ROC,str_FRZ,2017,0.0816326530612245
ROC_FRZ_2017_026,ROC,str_FRZ,2017,0.0151724137931034
ROC_FRZ_2017_028,ROC,str_FRZ,2017,0.0190895741556534
ROC_FRZ_2017_037,ROC,str_FRZ,2017,0.0533980582524272
ROC_FRZ_2017_041,ROC,str_FRZ,2017,0.0111524163568773
ROC_FRZ_2017_047,ROC,str_FRZ,2017,0.0158045977011494
ROC_FRZ_2017_051,ROC,str_FRZ,2017,0.0198170731707317
ROC_FRZ_2017_052,ROC,str_FRZ,2017,0.0213371266002845
ROC_FRZ_2017_062,ROC,str_FRZ,2017,0.0242510699001427
ROC_FRZ_2017_063,ROC,str_FRZ,2017,0.0194029850746269
ROC_FRZ_2017_070,ROC,str_FRZ,2017,0.0208623087621697
ROC_FRZ_2017_075,ROC,str_FRZ,2017,0.0306748466257669
ROC_ROC_2009_001,ROC,str_ROC,2009,0.014792899408284
ROC_ROC_2009_002,ROC,str_ROC,2009,0.0155038759689922
ROC_ROC_2009_003,ROC,str_ROC,2009,0.0161290322580645
ROC_ROC_2009_004,ROC,str_ROC,2009,0.0103448275862069
ROC_ROC_2009_005,ROC,str_ROC,2009,0.0133729569093611
ROC_ROC_2009_006,ROC,str_ROC,2009,0.0285285285285285
ROC_ROC_2009_007,ROC,str_ROC,2009,0.0155709342560554
ROC_ROC_2009_008,ROC,str_ROC,2009,0.0137795275590551
ROC_ROC_2009_009,ROC,str_ROC,2009,0.0258620689655172
ROC_ROC_2009_010,ROC,str_ROC,2009,0.0190114068441065
ROC_ROC_2009_011,ROC,str_ROC,2009,0.0235294117647059
ROC_ROC_2009_012,ROC,str_ROC,2009,0.0232142857142857
ROC_ROC_2009_013,ROC,str_ROC,2009,0.0186335403726708
ROC_ROC_2009_014,ROC,str_ROC,2009,0.022075055187638
ROC_ROC_2017_001,ROC,str_ROC,2017,0.023643949930459
ROC_ROC_2017_002,ROC,str_ROC,2017,0.0142857142857143
ROC_ROC_2017_003,ROC,str_ROC,2017,0.0145867098865478
ROC_ROC_2017_004,ROC,str_ROC,2017,0.0157068062827225
ROC_ROC_2017_005,ROC,str_ROC,2017,0.0203389830508475
ROC_ROC_2017_006,ROC,str_ROC,2017,0.0146198830409357
ROC_ROC_2017_007,ROC,str_ROC,2017,0.0149253731343284
ROC_ROC_2017_008,ROC,str_ROC,2017,0.0370994940978078
ROC_TOJ_2017_001,ROC,str_TOJ,2017,0.0179558011049724
ROC_TOJ_2017_003,ROC,str_TOJ,2017,0.00957592339261286
ROC_TOJ_2017_004,ROC,str_TOJ,2017,0.0111265646731572
ROC_TOJ_2017_008,ROC,str_TOJ,2017,0.0151933701657459
ROC_TOJ_2017_011,ROC,str_TOJ,2017,0.0175695461200586
ROC_TOJ_2017_012,ROC,str_TOJ,2017,0.0110497237569061
ROC_TOJ_2017_016,ROC,str_TOJ,2017,0.0130932896890344
ROC_TOJ_2017_020,ROC,str_TOJ,2017,0.0123796423658872
ROC_TOJ_2017_023,ROC,str_TOJ,2017,0.0165745856353591
ROC_TOJ_2017_025,ROC,str_TOJ,2017,0.0222841225626741
ROC_TOJ_2017_030,ROC,str_TOJ,2017,0.0279001468428781
ROC_TOJ_2017_032,ROC,str_TOJ,2017,0.0140252454417952
ROC_TOJ_2017_036,ROC,str_TOJ,2017,0.012396694214876
ROC_TOJ_2017_040,ROC,str_TOJ,2017,0.0396341463414634
ROC_TOJ_2017_044,ROC,str_TOJ,2017,0.0139275766016713
ROC_TOJ_2017_046,ROC,str_TOJ,2017,0.0318181818181818
ROC_TOJ_2017_050,ROC,str_TOJ,2017,0.0293296089385475
ROC_WLN_2009_001,ROC,str_WLN,2009,0.0194174757281553
ROC_WLN_2009_002,ROC,str_WLN,2009,0.0336605890603086
ROC_WLN_2009_003,ROC,str_WLN,2009,0.0138312586445367
ROC_WLN_2009_004,ROC,str_WLN,2009,0.0347826086956522
ROC_WLN_2009_006,ROC,str_WLN,2009,0.0154711673699015
ROC_WLN_2009_007,ROC,str_WLN,2009,0.0196078431372549
ROC_WLN_2009_008,ROC,str_WLN,2009,0.0313837375178317
ROC_WLN_2009_010,ROC,str_WLN,2009,0.0110192837465565
ROC_WLN_2009_012,ROC,str_WLN,2009,0.0200860832137733
ROC_WLN_2009_013,ROC,str_WLN,2009,0.0179558011049724
ROC_WLN_2009_015,ROC,str_WLN,2009,0.0253164556962025
ROC_WLN_2009_016,ROC,str_WLN,2009,0.0251851851851852
ROC_WLN_2009_018,ROC,str_WLN,2009,0.0484581497797357
ROC_WLN_2009_019,ROC,str_WLN,2009,0.0123626373626374
ROC_WLN_2017_001,ROC,str_WLN,2017,0.0110041265474553
ROC_WLN_2017_002,ROC,str_WLN,2017,0.0585106382978723
ROC_WLN_2017_003,ROC,str_WLN,2017,0.0135338345864662
ROC_WLN_2017_004,ROC,str_WLN,2017,0.0208333333333333
ROC_WLN_2017_006,ROC,str_WLN,2017,0.0225563909774436
ROC_WLN_2017_008,ROC,str_WLN,2017,0.0138121546961326
ROC_WLN_2017_009,ROC,str_WLN,2017,0.02
ROC_WLN_2017_010,ROC,str_WLN,2017,0.00821917808219178
SFH_2BO_2016_002,SFH,str_2BO,2016,0.0332778702163062
SFH_2BO_2016_003,SFH,str_2BO,2016,0.024390243902439
SFH_2BO_2016_004,SFH,str_2BO,2016,0.016
SFH_2BO_2016_005,SFH,str_2BO,2016,0.0205696202531646
SFH_2BO_2016_006,SFH,str_2BO,2016,0.138888888888889
SFH_2BO_2016_007,SFH,str_2BO,2016,0.0480225988700565
SFH_2BO_2016_012,SFH,str_2BO,2016,0.0256045519203414
SFH_2BO_2016_014,SFH,str_2BO,2016,0.0185449358059914
SFH_2BO_2016_015,SFH,str_2BO,2016,0.0492610837438424
SFH_2BO_2016_016,SFH,str_2BO,2016,0.024024024024024
SFH_4BO_2016_017,SFH,str_4BO,2016,0.0471910112359551
SFH_4BO_2016_019,SFH,str_4BO,2016,0.0413793103448276
SFH_4BO_2016_020,SFH,str_4BO,2016,0.0452674897119342
SFH_4BO_2016_021,SFH,str_4BO,2016,0.0328407224958949
SFH_4BO_2016_023,SFH,str_4BO,2016,0.0385321100917431
SFH_4BO_2016_024,SFH,str_4BO,2016,0.10738255033557
SFH_4BO_2016_025,SFH,str_4BO,2016,0.0287648054145516
SFH_4BO_2016_026,SFH,str_4BO,2016,0.0391872278664731
SFH_4BO_2016_027,SFH,str_4BO,2016,0.0323529411764706
SFH_4BO_2016_028,SFH,str_4BO,2016,0.0368098159509202
SFH_DIX_2011_355,SFH,str_DIX,2011,0.0224719101123595
SFH_DIX_2011_356,SFH,str_DIX,2011,0.028169014084507
SFH_DIX_2011_357,SFH,str_DIX,2011,0.0534351145038168
SFH_DIX_2011_358,SFH,str_DIX,2011,0.0151515151515152
SFH_DIX_2011_362,SFH,str_DIX,2011,0.0296296296296296
SFH_DIX_2011_363,SFH,str_DIX,2011,0.0278940027894003
SFH_DIX_2014_001,SFH,str_DIX,2014,0.0325443786982249
SFH_DIX_2014_002,SFH,str_DIX,2014,0.0313807531380753
SFH_DIX_2014_004,SFH,str_DIX,2014,0.0198019801980198
SFH_LEE_2016_001,SFH,str_LEE,2016,0.0238095238095238
SFH_LEE_2016_002,SFH,str_LEE,2016,0.0460251046025105
SFH_LEE_2016_003,SFH,str_LEE,2016,0.019047619047619
SFH_LEE_2016_005,SFH,str_LEE,2016,0.0631578947368421
SFH_LEE_2016_006,SFH,str_LEE,2016,0.044404973357016
SFH_LEE_2016_007,SFH,str_LEE,2016,0.0315789473684211
SFH_LEE_2016_013,SFH,str_LEE,2016,0.0425531914893617
SFH_LEE_2016_014,SFH,str_LEE,2016,0.0120481927710843
SFH_LEE_2016_015,SFH,str_LEE,2016,0.0119617224880383
SFH_LEE_2016_016,SFH,str_LEE,2016,0.0170940170940171
SFH_LEE_2016_017,SFH,str_LEE,2016,0.0552325581395349
SFH_LNG_2012_001,SFH,str_LNG,2012,0.0308880308880309
SFH_LNG_2012_002,SFH,str_LNG,2012,0.0119617224880383
SFH_LNG_2012_003,SFH,str_LNG,2012,0.0138504155124654
SFH_LNG_2012_004,SFH,str_LNG,2012,0.0151724137931034
SFH_LNG_2012_005,SFH,str_LNG,2012,0.00547945205479452
SFH_NFG_2009_217,SFH,str_NFG,2009,0.0137741046831956
SFH_NFG_2009_218,SFH,str_NFG,2009,0.0126050420168067
SFH_NFG_2009_219,SFH,str_NFG,2009,0.00824175824175824
SFH_NFG_2009_220,SFH,str_NFG,2009,0.00738007380073801
SFH_NFG_2009_221,SFH,str_NFG,2009,0.00548696844993141
SFH_NFG_2009_222,SFH,str_NFG,2009,0.0135338345864662
SFH_NFG_2009_223,SFH,str_NFG,2009,0.00544959128065395
SFH_PEC_2018_004,SFH,str_PEC,2018,0.0139664804469274
SFH_PEC_2018_006,SFH,str_PEC,2018,0.0176211453744493
SFH_PEC_2018_007,SFH,str_PEC,2018,0.0182648401826484
SFH_PEC_2018_008,SFH,str_PEC,2018,0.010989010989011
SFH_PEC_2018_009,SFH,str_PEC,2018,0.0242510699001427
SFH_PEC_2018_010,SFH,str_PEC,2018,0.0180555555555556
SFH_PEC_2018_011,SFH,str_PEC,2018,0.0299003322259136
SFH_PEC_2018_012,SFH,str_PEC,2018,0.0291545189504373
SFH_PEC_2018_014,SFH,str_PEC,2018,0.0240601503759399
SFH_PEC_2018_015,SFH,str_PEC,2018,0.0153139356814701
SFH_PEC_2018_016,SFH,str_PEC,2018,0.0153417015341702
SFH_PEC_2018_020,SFH,str_PEC,2018,0.0347432024169184
SFH_PEC_2018_021,SFH,str_PEC,2018,0.0303030303030303
SFH_PEC_2018_025,SFH,str_PEC,2018,0.0192023633677991
SFH_PEC_2018_028,SFH,str_PEC,2018,0.015552099533437
SFL_SEC_2010_159,SFL,str_SEC,2010,0.00968188105117566
SFL_SEC_2010_160,SFL,str_SEC,2010,0.0205128205128205
SFL_SEC_2010_161,SFL,str_SEC,2010,0.0172955974842767
SFL_SEC_2010_162,SFL,str_SEC,2010,0.0125786163522013
SFL_SEC_2010_163,SFL,str_SEC,2010,0.0138312586445367
SFL_SEC_2010_164,SFL,str_SEC,2010,0.0209205020920502
SFL_SHE_2010_210,SFL,str_SHE,2010,0.0282574568288854
SFL_SHE_2010_211,SFL,str_SHE,2010,0.0282485875706215
SFL_SHE_2010_212,SFL,str_SHE,2010,0.0217391304347826
SFL_SNO_2010_450,SFL,str_SNO,2010,0.0253878702397743
SFL_SNO_2010_451,SFL,str_SNO,2010,0.00755287009063444
SFL_SNO_2010_452,SFL,str_SNO,2010,0.00550964187327824
SFL_SNO_2010_454,SFL,str_SNO,2010,0.00545702592087312
SFL_SNO_2010_455,SFL,str_SNO,2010,0.00852272727272727
SFL_SNO_2010_457,SFL,str_SNO,2010,0.00980392156862745
SFL_SNO_2010_458,SFL,str_SNO,2010,0.0441176470588235
SFL_SNO_2010_459,SFL,str_SNO,2010,0.0175746924428823
SFL_TRB_2010_104,SFL,str_TRB,2010,0.0169491525423729
SFL_TRB_2010_105,SFL,str_TRB,2010,0.0165745856353591
SFL_TRB_2010_106,SFL,str_TRB,2010,0.0416068866571019
SFL_TRB_2010_107,SFL,str_TRB,2010,0.00843881856540084
SFL_TRB_2010_111,SFL,str_TRB,2010,0.0368271954674221
SFL_TRB_2010_112,SFL,str_TRB,2010,0.0139372822299652
SFL_TRB_2010_114,SFL,str_TRB,2010,0.00969529085872576
SFL_TRB_2010_115,SFL,str_TRB,2010,0.0152990264255911
STE_BGA_2000_002,STE,str_BGA,2000,0.00272851296043656
STE_BGA_2000_013,STE,str_BGA,2000,0.00825309491059147
STE_BGA_2000_014,STE,str_BGA,2000,0.00414364640883978
STE_CWC_2000_001,STE,str_CWC,2000,0.0169204737732657
STE_CWC_2000_004,STE,str_CWC,2000,0.00137741046831956
STE_CWC_2000_006,STE,str_CWC,2000,0.00411522633744856
STE_CWC_2000_007,STE,str_CWC,2000,0.0131195335276968
STE_CWC_2000_008,STE,str_CWC,2000,0.00272851296043656
STE_CWC_2000_011,STE,str_CWC,2000,0.00275103163686382
STE_CWC_2000_013,STE,str_CWC,2000,0.00709219858156028
STE_CWC_2000_014,STE,str_CWC,2000,0.00693481276005548
STE_CWC_2000_015,STE,str_CWC,2000,0.00896057347670251
STE_LTA_2000_005,STE,str_LTA,2000,0.0075046904315197
STE_LTA_2000_007,STE,str_LTA,2000,0.00757575757575758
STE_LTA_2000_017,STE,str_LTA,2000,0.00417827298050139
STE_MSQ_2000_008,STE,str_MSQ,2000,0.00409276944065484
STE_MSQ_2000_009,STE,str_MSQ,2000,0.0164203612479475
STE_MSQ_2000_013,STE,str_MSQ,2000,0.00892857142857143
STE_PKC_2000_007,STE,str_PKC,2000,0.00426136363636364
STE_PKC_2000_008,STE,str_PKC,2000,0.00715307582260372
SUM_MOH_2013_166,SUM,str_MOH,2013,0.0339462517680339
SUM_MOH_2013_167,SUM,str_MOH,2013,0.0212765957446809
SUM_MOH_2013_173,SUM,str_MOH,2013,0.0185449358059914
SUM_MOH_2013_205,SUM,str_MOH,2013,0.0276967930029155
SUM_MOH_2013_207,SUM,str_MOH,2013,0.0527817403708987
SUM_MOH_2013_208,SUM,str_MOH,2013,0.0214592274678112
SUM_MOH_2013_210,SUM,str_MOH,2013,0.0280504908835905
SUM_MOH_2013_212,SUM,str_MOH,2013,0.00962861072902338
SUM_MOH_2013_213,SUM,str_MOH,2013,0.0236363636363636
SUM_MOH_2013_219,SUM,str_MOH,2013,0.0253968253968254
TRU_POL_2016_007,TRU,str_POL,2016,0.0382165605095541
TRU_POL_2016_008,TRU,str_POL,2016,0.0657894736842105
TRU_POL_2016_010,TRU,str_POL,2016,0.045016077170418
TRU_POL_2016_011,TRU,str_POL,2016,0.0336538461538462
TRU_POL_2016_012,TRU,str_POL,2016,0.0235756385068762
TRU_POL_2016_013,TRU,str_POL,2016,0.0281425891181989
TRU_POL_2016_015,TRU,str_POL,2016,0.0891089108910891
TRU_POL_2016_016,TRU,str_POL,2016,0.03125
TRU_POL_2016_017,TRU,str_POL,2016,0.0537634408602151
TRU_POL_2016_018,TRU,str_POL,2016,0.051948051948052
TRU_POL_2016_022,TRU,str_POL,2016,0.032258064516129
TRU_POL_2016_023,TRU,str_POL,2016,0.0812324929971989
TRU_POL_2016_024,TRU,str_POL,2016,0.0182584269662921
TRU_POL_2016_025,TRU,str_POL,2016,0.0381679389312977
TRU_POL_2016_029,TRU,str_POL,2016,0.0417754569190601
TRU_POL_2016_030,TRU,str_POL,2016,0.0222222222222222
TRU_POL_2016_031,TRU,str_POL,2016,0.00545702592087312
TRU_POL_2016_032,TRU,str_POL,2016,0.0151724137931034
TRU_POL_2016_033,TRU,str_POL,2016,0.0229885057471264
TRU_POL_2016_037,TRU,str_POL,2016,0.0171673819742489
UNK_UNK_0000_001,UNK,str_UNK,0,0.0184162062615101
UPT_MEI_2017_001,UPT,str_MEI,2017,0.0103092783505155
UPT_MEI_2017_003,UPT,str_MEI,2017,0.0126939351198872
UPT_MEI_2017_005,UPT,str_MEI,2017,0.0166204986149584
UPT_MEI_2017_008,UPT,str_MEI,2017,0.0147991543340381
UPT_MEI_2017_009,UPT,str_MEI,2017,0.0248091603053435
UPT_MEI_2017_011,UPT,str_MEI,2017,0.0659340659340659
UPT_MEI_2017_012,UPT,str_MEI,2017,0.0405405405405405
UPT_MEI_2017_016,UPT,str_MEI,2017,0.0366713681241185
UPT_MEI_2017_019,UPT,str_MEI,2017,0.0111888111888112
UPT_MEI_2017_027,UPT,str_MEI,2017,0.0239234449760766
UPT_MEI_2017_030,UPT,str_MEI,2017,0.0810810810810811
UPT_MEI_2017_039,UPT,str_MEI,2017,0.0171428571428571
UPT_MEI_2017_043,UPT,str_MEI,2017,0.0227596017069701
UPT_MEI_2017_050,UPT,str_MEI,2017,0.0096551724137931
UPT_MEI_2017_052,UPT,str_MEI,2017,0.0226308345120226
UPT_MEI_2017_055,UPT,str_MEI,2017,0.0203045685279188
UPT_MEI_2017_059,UPT,str_MEI,2017,0.0208333333333333
WAL_BYD_2015_004,WAL,str_BYD,2015,0.0304449648711944
WAL_BYD_2015_005,WAL,str_BYD,2015,0.0330882352941176
WAL_BYD_2015_006,WAL,str_BYD,2015,0.0110935023771791
WAL_BYD_2015_008,WAL,str_BYD,2015,0.0436681222707424
WAL_BYD_2015_013,WAL,str_BYD,2015,0.0388349514563107
WAL_BYD_2015_038,WAL,str_BYD,2015,0.036231884057971
WAL_BYD_2015_043,WAL,str_BYD,2015,0.0785907859078591
WAL_BYD_2015_044,WAL,str_BYD,2015,0.0977917981072555
WAL_BYD_2015_045,WAL,str_BYD,2015,0.169491525423729
WAL_BYD_2015_047,WAL,str_BYD,2015,0.0691489361702128
WAL_BYD_2015_115,WAL,str_BYD,2015,0.0254237288135593
WAL_BYD_2015_119,WAL,str_BYD,2015,0.0346820809248555
WAL_BYD_2015_219,WAL,str_BYD,2015,0.0861423220973783
WAL_BYD_2015_220,WAL,str_BYD,2015,0.115894039735099
WAL_BYD_2015_223,WAL,str_BYD,2015,0.0561797752808989
WAL_BYD_2015_224,WAL,str_BYD,2015,0.11522633744856
WAL_BYD_2015_225,WAL,str_BYD,2015,0.138755980861244
WAL_LWF_2015_002,WAL,str_LWF,2015,0.140845070422535
WAL_LWF_2015_003,WAL,str_LWF,2015,0.0825688073394495
WAL_LWF_2015_004,WAL,str_LWF,2015,0.0865051903114187
WAL_LWF_2015_005,WAL,str_LWF,2015,0.13671875
WAL_LWF_2015_006,WAL,str_LWF,2015,0.117117117117117
WAL_LWF_2015_007,WAL,str_LWF,2015,0.163265306122449
WAL_LWF_2015_008,WAL,str_LWF,2015,0.0476190476190476
WAL_LWF_2015_009,WAL,str_LWF,2015,0.107692307692308
WAL_LWF_2015_010,WAL,str_LWF,2015,0.0511182108626198
WAL_MIL_2015_002,WAL,str_MIL,2015,0.0537634408602151
WAL_MIL_2015_004,WAL,str_MIL,2015,0.0236686390532544
WAL_MIL_2015_006,WAL,str_MIL,2015,0.0614886731391586
WAL_MIL_2015_007,WAL,str_MIL,2015,0.0789473684210526
WAL_MIL_2015_008,WAL,str_MIL,2015,0
WAL_MIL_2015_009,WAL,str_MIL,2015,0.0918032786885246
WAL_MIL_2015_010,WAL,str_MIL,2015,0.0242990654205607
WAL_MIL_2015_011,WAL,str_MIL,2015,0.05
WAL_MIL_2015_012,WAL,str_MIL,2015,0.0131578947368421
WAL_MIL_2015_014,WAL,str_MIL,2015,0.0203045685279188
WAL_MIL_2015_019,WAL,str_MIL,2015,0.0512820512820513
WAL_MIL_2015_023,WAL,str_MIL,2015,0.0378947368421053
WAL_MIL_2015_024,WAL,str_MIL,2015,0.0421052631578947
WAL_MIL_2015_026,WAL,str_MIL,2015,0.0393700787401575
WAL_MIL_2015_030,WAL,str_MIL,2015,0.041343669250646
WAL_MIL_2015_031,WAL,str_MIL,2015,0.0240384615384615
WAL_MIL_2015_032,WAL,str_MIL,2015,0.037037037037037
WAL_MIL_2015_038,WAL,str_MIL,2015,0.029874213836478
WAL_MIL_2015_039,WAL,str_MIL,2015,0.0336134453781513
WAL_MIL_2015_040,WAL,str_MIL,2015,0.024390243902439
WAL_MIL_2017_001,WAL,str_MIL,2017,0.0152143845089903
WAL_MIL_2017_003,WAL,str_MIL,2017,0.0193905817174515
WAL_MIL_2017_005,WAL,str_MIL,2017,0.0166666666666667
WAL_MIL_2017_007,WAL,str_MIL,2017,0.0193370165745856
WAL_MIL_2017_010,WAL,str_MIL,2017,0.021978021978022
WAL_MIL_2017_013,WAL,str_MIL,2017,0.0240112994350282
WAL_MIL_2017_015,WAL,str_MIL,2017,0.0180555555555556
WAL_MIL_2017_018,WAL,str_MIL,2017,0.00305810397553517
WAL_MIL_2017_019,WAL,str_MIL,2017,0.0279232111692845
WAL_MIL_2017_021,WAL,str_MIL,2017,0.00961538461538462
WAL_MIL_2017_026,WAL,str_MIL,2017,0.010989010989011
WAL_MIL_2017_027,WAL,str_MIL,2017,0.0185471406491499
WAL_MIL_2017_030,WAL,str_MIL,2017,0.0263543191800878
WAL_MIL_2017_032,WAL,str_MIL,2017,0.0419426048565121
WAL_MIL_2017_033,WAL,str_MIL,2017,0.0194174757281553
WAL_MIL_2017_034,WAL,str_MIL,2017,0.0235109717868339
WAL_MIL_2017_036,WAL,str_MIL,2017,0.0268256333830104
WAL_MPH_2011_002,WAL,str_MPH,2011,0.0388349514563107
WAL_MPH_2011_003,WAL,str_MPH,2011,0.0413223140495868
WAL_MPH_2011_004,WAL,str_MPH,2011,0.0214285714285714
WAL_MPH_2011_005,WAL,str_MPH,2011,0.0268041237113402
WAL_MPH_2011_006,WAL,str_MPH,2011,0.0383631713554987
WAL_MPH_2011_007,WAL,str_MPH,2011,0.0146341463414634
WAL_MPH_2011_008,WAL,str_MPH,2011,0.0236486486486486
WAL_MPH_2011_009,WAL,str_MPH,2011,0.0316622691292876
WAL_MPH_2011_010,WAL,str_MPH,2011,0.0602409638554217
WAL_MPH_2011_011,WAL,str_MPH,2011,0.0192307692307692
WAL_MPH_2011_016,WAL,str_MPH,2011,0.0199714693295292
WAL_MPH_2011_017,WAL,str_MPH,2011,0.0127272727272727
WAL_SIL_2015_001,WAL,str_SIL,2015,0.0192307692307692
WAL_SIL_2015_002,WAL,str_SIL,2015,0.0317460317460317
WAL_SIL_2015_004,WAL,str_SIL,2015,0.0190839694656489
WAL_SIL_2015_005,WAL,str_SIL,2015,0.0465116279069767
WAL_SIL_2015_006,WAL,str_SIL,2015,0.0177165354330709
WAL_SIL_2015_007,WAL,str_SIL,2015,0.0503597122302158
WAL_SLK_2015_001,WAL,str_SLK,2015,0.0595238095238095
WAL_SLK_2015_002,WAL,str_SLK,2015,0.0317460317460317
WAL_SLK_2015_003,WAL,str_SLK,2015,0.0230414746543779
WAL_SLK_2015_004,WAL,str_SLK,2015,0.162790697674419
WAL_SLK_2015_005,WAL,str_SLK,2015,0.0170454545454545
WAL_SLK_2015_006,WAL,str_SLK,2015,0.0459770114942529
WAL_SLK_2015_007,WAL,str_SLK,2015,0.00829875518672199
WAL_SLK_2015_008,WAL,str_SLK,2015,0.032258064516129
WAL_SLK_2015_009,WAL,str_SLK,2015,0.0132743362831858
WAL_SLK_2015_010,WAL,str_SLK,2015,0.028169014084507
WAL_SLK_2015_011,WAL,str_SLK,2015,0.0454545454545455
WAL_SLK_2015_014,WAL,str_SLK,2015,0.0189655172413793
WAL_SLK_2015_015,WAL,str_SLK,2015,0.0689655172413793
WAL_SLK_2015_016,WAL,str_SLK,2015,0.0751295336787565
WAL_SLK_2015_017,WAL,str_SLK,2015,0.0675675675675676
WAL_SLK_2015_019,WAL,str_SLK,2015,0.00420168067226891
WAL_SLK_2015_021,WAL,str_SLK,2015,0.0451612903225806
WAL_SLK_2015_022,WAL,str_SLK,2015,0.0346820809248555
WAL_SLK_2015_023,WAL,str_SLK,2015,0.0564516129032258
WAL_SLK_2015_025,WAL,str_SLK,2015,0.00371747211895911
WAL_SLK_2015_027,WAL,str_SLK,2015,0.0869565217391304
WAL_SLK_2015_030,WAL,str_SLK,2015,0.0299500831946755
WAL_UWF_2015_002,WAL,str_UWF,2015,0.11340206185567
WAL_UWF_2015_004,WAL,str_UWF,2015,0.0951086956521739
WAL_UWF_2015_005,WAL,str_UWF,2015,0.0659722222222222
WAL_UWF_2015_006,WAL,str_UWF,2015,0.135593220338983
WAL_UWF_2015_007,WAL,str_UWF,2015,0.191489361702128
WAL_UWF_2015_008,WAL,str_UWF,2015,0.142857142857143
WAL_UWF_2015_010,WAL,str_UWF,2015,0.181818181818182
WAL_UWF_2015_011,WAL,str_UWF,2015,0.0903614457831325
WAL_UWF_2015_012,WAL,str_UWF,2015,0.0748663101604278
WAL_UWF_2015_014,WAL,str_UWF,2015,0.146666666666667
WAL_UWF_2015_015,WAL,str_UWF,2015,0.176470588235294
WWH_WHO_2011_010,WWH,str_WHO,2011,0.0104166666666667
WWH_WHO_2011_016,WWH,str_WHO,2011,0.0133111480865225
WWH_WHO_2011_034,WWH,str_WHO,2011,0.0078740157480315
WWH_WHO_2011_036,WWH,str_WHO,2011,0.0141129032258065
WWH_WHO_2011_038,WWH,str_WHO,2011,0.0120481927710843
WWH_WHO_2011_041,WWH,str_WHO,2011,0.0145228215767635
WWH_WHO_2011_044,WWH,str_WHO,2011,0.0237388724035608
WWH_WHO_2011_047,WWH,str_WHO,2011,0.00689655172413793
WWH_WIL_1996_015,WWH,str_WIL,1996,0.0151515151515152
WWH_WIL_1996_019,WWH,str_WIL,1996,0.0335570469798658
WWH_WIL_1996_033,WWH,str_WIL,1996,0.0152963671128107
WWH_WIL_1996_034,WWH,str_WIL,1996,0.00147710487444609
WWH_WIL_1996_038,WWH,str_WIL,1996,0.0357142857142857
WWH_WIL_1996_039,WWH,str_WIL,1996,0.0156862745098039
WWH_WIL_1996_314,WWH,str_WIL,1996,0.010183299389002
WWH_WIL_1996_315,WWH,str_WIL,1996,0.00732600732600733
YUB_MAC_2016_057,YUB,str_MAC,2016,0.0200400801603206
YUB_MAC_2016_058,YUB,str_MAC,2016,0.0213815789473684
YUB_MAC_2016_059,YUB,str_MAC,2016,0.0294695481335953
YUB_MAC_2016_060,YUB,str_MAC,2016,0.0205580029368576
YUB_MAC_2016_065,YUB,str_MAC,2016,0.0230414746543779
YUB_MAC_2016_069,YUB,str_MAC,2016,0.0282608695652174
YUB_MAC_2016_070,YUB,str_MAC,2016,0.0318257956448911
YUB_MAC_2016_072,YUB,str_MAC,2016,0.0205338809034908
YUB_MAC_2016_074,YUB,str_MAC,2016,0.0198300283286119
YUB_MAC_2016_076,YUB,str_MAC,2016,0.0171875
YUB_MAC_2016_077,YUB,str_MAC,2016,0.0255972696245734
YUB_MAC_2016_078,YUB,str_MAC,2016,0.0203327171903882
YUB_MAC_2016_079,YUB,str_MAC,2016,0.0464547677261614
YUB_MAC_2016_085,YUB,str_MAC,2016,0.0136363636363636
YUB_MAC_2016_087,YUB,str_MAC,2016,0.0217391304347826
YUB_MAC_2016_088,YUB,str_MAC,2016,0.0229357798165138
YUB_MAC_2016_090,YUB,str_MAC,2016,0.013215859030837
