ID,PC1 score,NGSadmix %LCT,NGSadmix %RBT,Relative percent RBT
CAR_EFC_2017_001,-0.004510533,0.999999999,0.000000001,0.0
CAR_EFC_2017_002,-0.004679545,0.999999999,0.000000001,0.0
CAR_EFC_2017_004,-0.004653453,0.999999999,0.000000001,0.0
CAR_EFC_2017_006,-0.004650567,0.999999999,0.000000001,0.0
CAR_EFC_2017_009,-0.004612368,0.999999999,0.000000001,0.0
CAR_EFC_2017_010,-0.004672802,0.999999999,0.000000001,0.0
CAR_EFC_2017_011,-0.004659309,0.999999999,0.000000001,0.0
CAR_EFC_2017_012,-0.004637854,0.999999999,0.000000001,0.0
CAR_EFC_2017_013,-0.00463536,0.999999999,0.000000001,0.0
CAR_EFC_2017_015,-0.003252741,0.99516411,0.00483589,0.5
CAR_EFC_2017_017,-0.004653896,0.999999999,0.000000001,0.0
CAR_EFC_2017_018,-0.004720736,0.999999999,0.000000001,0.0
CAR_EFC_2017_019,-0.003676666,0.995185241,0.004814759,0.5
CAR_EFC_2017_021,-0.004478817,0.999999999,0.000000001,0.0
CAR_EFC_2017_022,-0.004662374,0.999999999,0.000000001,0.0
CAR_EFC_2017_025,-0.004609513,0.999999999,0.000000001,0.0
CAR_EFC_2017_027,-0.004608289,0.999999999,0.000000001,0.0
CAR_EFC_2017_028,-0.004303876,0.999999999,0.000000001,0.0
CAR_EFC_2017_031,-0.004718706,0.999999999,0.000000001,0.0
CAR_EFC_2017_032,-0.004613364,0.999999999,0.000000001,0.0
CAR_GOC_2017_033,-0.004563835,0.999999999,0.000000001,0.0
CAR_GOC_2017_034,-0.004696297,0.999999999,0.000000001,0.0
CAR_GOC_2017_035,-0.004601137,0.999999999,0.000000001,0.0
CAR_GOC_2017_036,-0.004733544,0.999999999,0.000000001,0.0
CAR_GOC_2017_037,-0.004590651,0.999999999,0.000000001,0.0
CAR_GOC_2017_038,-0.004611135,0.999999999,0.000000001,0.0
CAR_GOC_2017_039,-0.004637016,0.999999999,0.000000001,0.0
CAR_GOC_2017_040,-0.003765744,0.995026231,0.004973769,0.5
CAR_GOC_2017_041,-0.00446107,0.998798199,0.001201801,0.1
CAR_GOC_2017_042,-0.004539558,0.999999999,0.000000001,0.0
CAR_GOC_2017_043,-0.004612543,0.999999999,0.000000001,0.0
CAR_GOC_2017_044,-0.00432075,0.997553104,0.002446896,0.2
CAR_MUR_2017_045,-0.004507319,0.999999999,0.000000001,0.0
CAR_MUR_2017_046,-0.004553099,0.999999999,0.000000001,0.0
CAR_MUR_2017_047,-0.004579984,0.999999999,0.000000001,0.0
CAR_MUR_2017_048,-0.004742398,0.999999999,0.000000001,0.0
CAR_MUR_2017_049,-0.004595659,0.999999999,0.000000001,0.0
CAR_MUR_2017_050,-0.004678916,0.999999999,0.000000001,0.0
CAR_MUR_2017_051,-0.004771132,0.999999999,0.000000001,0.0
CAR_MUR_2017_054,-0.004116583,0.998162982,0.001837018,0.2
CAR_MUR_2017_055,-0.004489244,0.999999999,0.000000001,0.0
CAR_MUR_2017_056,-0.004515475,0.999999999,0.000000001,0.0
CAR_MUR_2017_058,-0.004559042,0.999999999,0.000000001,0.0
CAR_MUR_2017_059,-0.004639393,0.999999999,0.000000001,0.0
CAR_MUR_2017_060,-0.004696695,0.999999999,0.000000001,0.0
CAR_MUR_2017_061,-0.004668171,0.999999999,0.000000001,0.0
CAR_MUR_2017_064,-0.004588665,0.999999999,0.000000001,0.0
CAR_MUR_2017_065,-0.004441329,0.998745035,0.001254965,0.1
CAR_MUR_2017_067,-0.004787614,0.999999999,0.000000001,0.0
CAR_MUR_2017_068,-0.004587391,0.999999999,0.000000001,0.0
CAR_MUR_2017_070,-0.004642615,0.999999999,0.000000001,0.0
CAR_MUR_2017_071,-0.004694682,0.999999999,0.000000001,0.0
CAR_POI_2017_072,-0.00458076,0.999999999,0.000000001,0.0
CAR_POI_2017_073,-0.00481369,0.999999999,0.000000001,0.0
CAR_POI_2017_075,-0.004465189,0.999999999,0.000000001,0.0
CAR_POI_2017_077,-0.004459642,0.999999999,0.000000001,0.0
CAR_POI_2017_078,-0.004335451,0.999999999,0.000000001,0.0
CAR_POI_2017_080,-0.004435978,0.999999999,0.000000001,0.0
CAR_POI_2017_081,-0.004650133,0.999999999,0.000000001,0.0
CAR_POI_2017_082,-0.004489356,0.999999999,0.000000001,0.0
CAR_POI_2017_083,-0.00475354,0.999999999,0.000000001,0.0
CAR_POI_2017_085,-0.004297357,0.998643031,0.001356969,0.1
CAR_POI_2017_087,-0.004519581,0.999999999,0.000000001,0.0
CAR_POI_2017_089,-0.004130238,0.998155429,0.001844571,0.2
CAR_POI_2017_092,-0.004464947,0.999999999,0.000000001,0.0
CAR_POI_2017_093,-0.004604582,0.999999752,2.48075E-07,0.0
CAR_POI_2017_094,-0.003559335,0.99466605,0.00533395,0.5
CAR_POI_2017_096,-0.003935319,0.995760616,0.004239384,0.4
CAR_POI_2017_098,-0.003967138,0.996697504,0.003302496,0.3
CAR_POI_2017_099,-0.004309324,0.998104338,0.001895662,0.2
CAR_POI_2017_100,-0.004361116,0.997691627,0.002308373,0.2
CAR_POI_2017_101,-0.004230061,0.99721057,0.00278943,0.3
EFH_NFC_2012_001,-0.004748215,0.999999999,0.000000001,0.0
EFH_NFC_2012_002,-0.004572162,0.999999999,0.000000001,0.0
EFH_NFC_2012_003,-0.004731483,0.999999999,0.000000001,0.0
EFH_NFC_2012_004,-0.004551718,0.999999999,0.000000001,0.0
EFH_NFC_2012_005,-0.004662361,0.999999999,0.000000001,0.0
EFH_NFC_2012_006,-0.004763881,0.999999999,0.000000001,0.0
EFH_NFC_2012_007,-0.004761597,0.999999999,0.000000001,0.0
EFH_NFC_2012_008,-0.004652701,0.999999999,0.000000001,0.0
EFH_NFC_2012_009,-0.004628807,0.999999999,0.000000001,0.0
EFH_NFC_2012_010,-0.004459788,0.999999999,0.000000001,0.0
EFH_NFC_2012_011,-0.004784401,0.999999999,0.000000001,0.0
EFH_NFC_2012_012,-0.004830334,0.999999999,0.000000001,0.0
EFH_NFC_2012_013,-0.004648171,0.999999999,0.000000001,0.0
EFH_NFC_2012_014,-0.004724888,0.999999999,0.000000001,0.0
EFH_NFC_2012_015,-0.004671813,0.999999999,0.000000001,0.0
EFH_NFC_2012_016,-0.004623647,0.999999999,0.000000001,0.0
EFH_NFC_2012_017,-0.004717837,0.999999999,0.000000001,0.0
EFH_NFC_2012_018,-0.004748492,0.999999999,0.000000001,0.0
LHU_ABE_2016_001,-0.004442874,0.998098478,0.001901522,0.2,,0.2,
LHU_ABE_2016_002,-0.004542627,0.998409012,0.001590988,0.2
LHU_ABE_2016_003,-0.004415507,0.999999999,0.000000001,0.0
LHU_ABE_2016_005,-0.003281237,0.99511435,0.00488565,0.5
LHU_ABE_2016_008,-0.004368086,0.998438447,0.001561553,0.2
LHU_ABE_2016_009,-0.00440173,0.996921405,0.003078595,0.3
LHU_ABE_2016_010,-0.004620101,0.998791042,0.001208958,0.1
LHU_ABE_2016_011,-0.004424049,0.997393978,0.002606022,0.3
LHU_ABE_2016_012,-0.00463684,0.99838051,0.00161949,0.2
LHU_ABE_2016_014,-0.004392215,0.998928765,0.001071235,0.1
LHU_ABE_2016_015,-0.004486391,0.999382394,0.000617606,0.1
LHU_ABE_2016_017,-0.004778497,0.999999999,0.000000001,0.0
LHU_ABE_2016_018,-0.004512766,0.998619639,0.001380361,0.1
LHU_ABE_2016_111,-0.004319195,0.996918229,0.003081771,0.3
LHU_ABE_2016_222,-0.003446497,0.994204404,0.005795596,0.6
LHU_ABE_2016_333,-0.004629394,0.999999999,0.000000001,0.0
LHU_ABE_2016_444,-0.004742087,0.999999999,0.000000001,0.0
LHU_ABE_2016_555,-0.004919433,0.999999999,0.000000001,0.0
LHU_ABE_2016_666,-0.004520539,0.999285882,0.000714118,0.1
LTR_IPL_2016_002,-0.004085188,0.998812305,0.001187695,0.1
LTR_IPL_2016_004,-0.004304351,0.999999999,0.000000001,0.0
LTR_IPL_2016_005,0.056625074,0.703717905,0.296282095,29.6
LTR_IPL_2016_006,-0.003999007,0.996181071,0.003818929,0.4
LTR_IPL_2016_007,-0.003930088,0.996489194,0.003510806,0.4
LTR_IPL_2016_010,0.062660294,0.680184324,0.319815676,32.0
LTR_IPL_2016_011,0.0453781,0.74925471,0.25074529,25.1
LTR_IPL_2016_012,0.047760182,0.747695142,0.252304858,25.2
LTR_IPL_2016_014,0.0450357,0.760466344,0.239533656,24.0
LTR_IPL_2016_015,0.044040412,0.768496378,0.231503622,23.2
LTR_IPL_2016_020,-0.004157118,0.999999999,0.000000001,0.0
LTR_IPL_2016_022,0.055199114,0.716197362,0.283802638,28.4
LTR_IPL_2016_025,-0.003390536,0.992666773,0.007333227,0.7
LTR_IPL_2016_026,0.060059868,0.691242846,0.308757154,30.9
LTR_IPL_2016_028,-0.004243957,0.999999999,0.000000001,0.0
LTR_IPL_2016_032,-0.004293734,0.999999999,0.000000001,0.0
LTR_IPL_2016_037,0.058078966,0.699011992,0.300988008,30.1
LTR_IPL_2016_038,-0.004366181,0.999999999,0.000000001,0.0
LTR_IPL_2016_041,-0.003829479,0.997501506,0.002498494,0.2
MAG_BEA_2009_052,-0.00428491,0.999161482,0.000838518,0.1
MAG_BEA_2009_053,0.001018637,0.974220719,0.025779281,2.6
MAG_BEA_2009_054,-0.004910008,0.999999999,0.000000001,0.0
MAG_BEA_2009_055,-0.004383055,0.999999999,0.000000001,0.0
MAG_BEA_2009_056,0.025233439,0.862405056,0.137594944,13.8
MAG_BEA_2009_057,-0.004286468,0.999981231,1.8769E-05,0.0,,1.3,2009
MAG_BEA_2009_058,-0.004054416,0.999999999,0.000000001,0.0
MAG_BEA_2009_059,-0.004793462,0.999999999,0.000000001,0.0
MAG_BEA_2009_060,-0.004752949,0.999999999,0.000000001,0.0
MAG_BEA_2009_061,-0.004769404,0.999999999,0.000000001,0.0
MAG_BEA_2009_062,-0.004725331,0.999999999,0.000000001,0.0
MAG_BEA_2009_063,-0.004843206,0.999999999,0.000000001,0.0
MAG_BEA_2009_064,-0.00492088,0.999999999,0.000000001,0.0
MAG_BEA_2015_062,-0.004483185,0.999999999,0.000000001,0.0,,0.1,2015
MAG_BEA_2015_063,-0.004715864,0.999999999,0.000000001,0.0
MAG_BEA_2015_064,-0.003419894,0.993741411,0.006258589,0.6
MAG_BEA_2015_066,-0.004547298,0.999999999,0.000000001,0.0
MAG_BEA_2015_067,-0.004894714,0.999999999,0.000000001,0.0
MAG_BEA_2015_068,-0.004876592,0.999999999,0.000000001,0.0
MAG_BEA_2015_069,-0.004849467,0.999999999,0.000000001,0.0
MAG_BEA_2015_071,-0.005090433,0.999999999,0.000000001,0.0
MAG_BEA_2015_072,-0.004673682,0.999999999,0.000000001,0.0
MAG_BEA_2015_074,-0.00362895,0.995538891,0.004461109,0.4
MAG_BEA_2015_075,-0.004722499,0.999999999,0.000000001,0.0
MAG_BEA_2015_077,-0.004517918,0.999999999,0.000000001,0.0
MAG_BEA_2015_078,-0.004713069,0.999999999,0.000000001,0.0
MAG_BEA_2015_079,-0.00472695,0.999999999,0.000000001,0.0
MAG_BEA_2015_081,-0.004793944,0.999999999,0.000000001,0.0
MAG_BEA_2015_082,-0.004557802,0.999999999,0.000000001,0.0
MAG_BEA_2015_083,-0.004419904,0.999226928,0.000773072,0.1
MAG_BEA_2015_084,-0.004080317,0.999191065,0.000808935,0.1
MAG_BEA_2015_086,-0.004058466,0.999999999,0.000000001,0.0
MAG_BEA_2015_087,-0.004271327,0.999273579,0.000726421,0.1
MAG_COY_2009_012,-0.004493296,0.999999999,0.000000001,0.0,,0.2,2009
MAG_COY_2009_013,-0.00385514,0.995798678,0.004201322,0.4
MAG_COY_2009_014,-0.004260371,0.998006575,0.001993425,0.2
MAG_COY_2009_015,-0.003232852,0.991853975,0.008146025,0.8
MAG_COY_2009_016,-0.003334489,0.993726385,0.006273615,0.6
MAG_COY_2009_017,-0.004297813,0.997866593,0.002133407,0.2
MAG_COY_2009_018,-0.004896097,0.999999999,0.000000001,0.0
MAG_COY_2009_019,-0.004521208,0.999999999,0.000000001,0.0
MAG_COY_2009_020,-0.004792828,0.999999999,0.000000001,0.0
MAG_COY_2009_021,-0.004108838,0.99820464,0.00179536,0.2
MAG_COY_2009_022,-0.004586358,0.999999999,0.000000001,0.0
MAG_COY_2009_023,-0.004153114,0.998133233,0.001866767,0.2
MAG_COY_2009_025,-0.004638248,0.999999999,0.000000001,0.0
MAG_COY_2009_026,-0.004238122,0.998723161,0.001276839,0.1
MAG_COY_2015_001,-0.004213661,0.999049083,0.000950917,0.1,,0.1,2015
MAG_COY_2015_002,-0.003761383,0.996427543,0.003572457,0.4
MAG_COY_2015_003,-0.004634732,0.999999999,0.000000001,0.0
MAG_COY_2015_004,-0.004669689,0.999999999,0.000000001,0.0
MAG_COY_2015_006,-0.004638958,0.999999999,0.000000001,0.0
MAG_COY_2015_008,-0.004304838,0.999292837,0.000707163,0.1
MAG_COY_2015_009,-0.004562008,0.999999999,0.000000001,0.0
MAG_COY_2015_010,-0.004749662,0.999999999,0.000000001,0.0
MAG_COY_2015_012,-0.00467054,0.999999999,0.000000001,0.0
MAG_COY_2015_013,-0.004682524,0.999999999,0.000000001,0.0
MAG_COY_2015_014,-0.004801832,0.999999999,0.000000001,0.0
MAG_COY_2015_015,-0.003980142,0.999751944,0.000248056,0.0
MAG_COY_2015_016,-0.004466274,0.998714971,0.001285029,0.1
MAG_COY_2015_018,-0.003483982,0.996165943,0.003834057,0.4
MAG_COY_2015_021,-0.004299341,0.998448624,0.001551376,0.2
MAG_COY_2015_027,-0.004318907,0.999999999,0.000000001,0.0
MAG_COY_2015_031,-0.004401436,0.999041441,0.000958559,0.1
MAG_COY_2015_036,-0.004446905,0.998835273,0.001164727,0.1
MAG_LJK_2009_017,-0.002785977,0.991607878,0.008392122,0.8,,0.2,
MAG_LJK_2009_018,-0.003930397,0.99668503,0.00331497,0.3
MAG_LJK_2009_019,-0.004518569,0.998754982,0.001245018,0.1
MAG_LJK_2009_021,-0.004249772,0.99749953,0.00250047,0.3
MAG_LJK_2009_022,-0.004164954,0.997718048,0.002281952,0.2
MAG_LJK_2009_031,-0.004454545,0.999999999,0.000000001,0.0
MAG_LJK_2009_032,-0.004754334,0.999999999,0.000000001,0.0
MAG_LJK_2009_033,-0.004641109,0.999999999,0.000000001,0.0
MAG_LJK_2009_034,-0.004551661,0.999999999,0.000000001,0.0
MAG_LJK_2009_035,-0.004452131,0.999999999,0.000000001,0.0
MAG_LJK_2009_036,-0.004196788,0.998579387,0.001420613,0.1
MAG_LJK_2009_037,-0.003854438,0.995830782,0.004169218,0.4
MAG_LJK_2009_038,-0.004543527,0.999999999,0.000000001,0.0,,0.2,
MAG_LJK_2015_038,-0.00328748,0.994481305,0.005518695,0.6
MAG_LJK_2015_039,-0.004183694,0.99745042,0.00254958,0.3
MAG_LJK_2015_040,-0.003527974,0.994271196,0.005728804,0.6
MAG_LJK_2015_041,-0.00281404,0.992892405,0.007107595,0.7
MAG_LJK_2015_043,-0.001726652,0.98772035,0.01227965,1.2
MAG_LJK_2015_044,-0.004593842,0.999032557,0.000967443,0.1
MAG_LJK_2015_045,-0.004881997,0.999999999,0.000000001,0.0
MAG_LJK_2015_046,-0.004859655,0.999999999,0.000000001,0.0
MAG_LJK_2015_048,-0.004791164,0.999999999,0.000000001,0.0
MAG_LJK_2015_049,-0.004535036,0.999999999,0.000000001,0.0
MAG_LJK_2015_051,-0.004497779,0.999999999,0.000000001,0.0
MAG_LJK_2015_052,-0.004823411,0.999999999,0.000000001,0.0
MAG_LJK_2015_053,-0.004685714,0.999999999,0.000000001,0.0
MAG_LJK_2015_058,-0.004706866,0.999999999,0.000000001,0.0
MAG_LJK_2015_059,-0.004789467,0.999999999,0.000000001,0.0
MAG_LJK_2015_060,-0.004487801,0.999998384,1.61576E-06,0.0
MAR_HAN_2012_001,-0.004505234,0.999999999,0.000000001,0.0,,0.1,
MAR_HAN_2012_002,-0.003507908,0.994248769,0.005751231,0.6
MAR_HAN_2012_004,-0.003634621,0.992767207,0.007232793,0.7
MAR_HAN_2012_005,-0.00447011,0.998665291,0.001334709,0.1
MAR_HAN_2012_006,-0.004313565,0.998156194,0.001843806,0.2
MAR_HAN_2012_007,-0.00471485,0.999999999,0.000000001,0.0
MAR_HAN_2012_009,-0.004429772,0.999999999,0.000000001,0.0
MAR_HAN_2012_010,-0.004704665,0.999999999,0.000000001,0.0
MAR_HAN_2012_011,-0.004403389,0.999999999,0.000000001,0.0
MAR_HAN_2012_012,-0.004907988,0.999999999,0.000000001,0.0
MAR_HAN_2012_013,-0.005178379,0.999999999,0.000000001,0.0
MAR_HAN_2012_014,-0.004470059,0.999999999,0.000000001,0.0
MAR_HAN_2012_016,-0.004876402,0.999999999,0.000000001,0.0
MAR_HAN_2012_017,-0.004774213,0.999999999,0.000000001,0.0
MAR_HAN_2012_018,-0.005068121,0.999999999,0.000000001,0.0
MAR_HAN_2012_019,-0.004931238,0.999999999,0.000000001,0.0
MAR_HAN_2012_020,-0.004953252,0.999999999,0.000000001,0.0
MAR_HAN_2012_021,-0.004665334,0.999322327,0.000677673,0.1
MAR_HAN_2012_022,-0.004591932,0.999999999,0.000000001,0.0
MAR_HAN_2012_023,-0.004642528,0.999999999,0.000000001,0.0
MAR_HAN_2012_024,-0.004766198,0.999999999,0.000000001,0.0
MAR_HAN_2012_025,-0.004733975,0.999999999,0.000000001,0.0
MAR_MAE_2016_001,-0.004591089,0.999999999,0.000000001,0.0,,0.1,
MAR_MAE_2016_002,-0.004047705,0.997829427,0.002170573,0.2
MAR_MAE_2016_003,-0.004450713,0.998592684,0.001407316,0.1
MAR_MAE_2016_004,-0.004407526,0.998741012,0.001258988,0.1
MAR_MAE_2016_005,-0.004639387,0.999999999,0.000000001,0.0
MAR_MAR_2017_001,-0.00472644,0.999999999,0.000000001,0.0
MAR_MAR_2017_002,-0.004691943,0.999999999,0.000000001,0.0
MAR_MAR_2017_003,-0.004570713,0.999999999,0.000000001,0.0
MAR_MAR_2017_004,-0.004733973,0.999999999,0.000000001,0.0
MAR_MAR_2017_005,-0.00472749,0.999999999,0.000000001,0.0
MAR_MAR_2017_006,-0.004821657,0.999999999,0.000000001,0.0
MAR_MAR_2017_009,-0.004658605,0.999999999,0.000000001,0.0
MAR_MAR_2017_011,-0.004911553,0.999999999,0.000000001,0.0
MAR_MAR_2017_012,-0.004547553,0.999999999,0.000000001,0.0
MAR_MAR_2017_013,-0.00477434,0.999999999,0.000000001,0.0
MAR_MAR_2017_134,-0.004759815,0.999999999,0.000000001,0.0
MAR_MAR_2017_144,-0.004641858,0.999999999,0.000000001,0.0
MAR_MAR_2017_150,-0.004711919,0.999999999,0.000000001,0.0
MAR_MAR_2017_152,-0.004557551,0.999999999,0.000000001,0.0
MAR_MAR_2017_157,-0.004617786,0.999999999,0.000000001,0.0
MAR_MAR_2017_158,-0.004771594,0.999999999,0.000000001,0.0
MAR_MAR_2017_159,-0.004788302,0.999999999,0.000000001,0.0
MAR_MAR_2017_165,-0.00482756,0.999999999,0.000000001,0.0
MAR_MAR_2017_167,-0.004745236,0.999999999,0.000000001,0.0
MAR_MAR_2017_168,-0.004530378,0.999999999,0.000000001,0.0
MAR_MAR_2017_169,-0.004615018,0.999999999,0.000000001,0.0
MAR_MAR_2017_170,-0.004051613,0.99619947,0.00380053,0.4
MAR_MAR_2017_172,-0.003499557,0.993786527,0.006213473,0.6
MAR_MAU_2016_001,-0.00468537,0.999999999,0.000000001,0.0
MAR_MAU_2016_002,-0.004131119,0.997120937,0.002879063,0.3
MAR_MAU_2016_003,-0.003754631,0.995652297,0.004347703,0.4
MAR_MAU_2016_004,-0.00358971,0.995345048,0.004654952,0.5
MAR_MRB_2016_001,-0.004414449,0.998291756,0.001708244,0.2
MAR_MRB_2016_002,-0.004501301,0.999708517,0.000291483,0.0
MAR_MRB_2016_003,-0.003818005,0.996948331,0.003051669,0.3
MAR_MRB_2016_004,-0.004148421,0.997746658,0.002253342,0.2
MAR_MRB_2016_005,-0.004429136,0.999999999,0.000000001,0.0
MAR_MRB_2016_006,-0.00338479,0.993602297,0.006397703,0.6
MAR_MRB_2016_007,-0.004241826,0.997327993,0.002672007,0.3
MAR_TCR_2002_001,-0.004503408,0.999999999,0.000000001,0.0,,0.1,
MAR_TCR_2002_002,-0.004680144,0.999999999,0.000000001,0.0
MAR_TCR_2002_009,-0.004817011,0.999999999,0.000000001,0.0
MAR_TCR_2002_011,-0.004760973,0.999999999,0.000000001,0.0
MAR_TCR_2002_017,-0.002698331,0.991533728,0.008466272,0.8
MAR_TCR_2002_020,-0.004594873,0.999999999,0.000000001,0.0
MAR_TCR_2002_022,-0.004438868,0.998815245,0.001184755,0.1
MAR_TCR_2002_024,-0.004803543,0.999999999,0.000000001,0.0
MAR_TCR_2002_025,-0.004570685,0.999999999,0.000000001,0.0
MAR_TCR_2017_001,-0.004803927,0.999999999,0.000000001,0.0,,0.1,
MAR_TCR_2017_002,-0.004706235,0.999999999,0.000000001,0.0
MAR_TCR_2017_009,-0.00412818,0.997823513,0.002176487,0.2
MAR_TCR_2017_012,-0.004559746,0.999999999,0.000000001,0.0
MAR_TCR_2017_016,-0.004028594,0.99818524,0.00181476,0.2
MAR_TCR_2017_017,-0.004783563,0.999999999,0.000000001,0.0
MAR_TCR_2017_020,-0.004752416,0.999999999,0.000000001,0.0
MAR_TCR_2017_024,-0.004267071,0.99828926,0.00171074,0.2
MAR_TCR_2017_028,-0.004784443,0.999999999,0.000000001,0.0
MAR_TCR_2017_030,-0.004770372,0.999999999,0.000000001,0.0
MAR_TCR_2017_034,-0.004691388,0.999999999,0.000000001,0.0
MAR_TCR_2017_036,-0.004739146,0.999999999,0.000000001,0.0
MAR_TCR_2017_038,-0.004560829,0.999999999,0.000000001,0.0
MAR_TCR_2017_039,-0.00430763,0.997322036,0.002677964,0.3
MAR_TCR_2017_042,-0.004738328,0.999999999,0.000000001,0.0
MAR_TCR_2017_047,-0.004667747,0.999999999,0.000000001,0.0
MAR_TCR_2017_048,-0.004761637,0.999999999,0.000000001,0.0
MAR_TCR_2017_049,-0.004296679,0.997503233,0.002496767,0.2
MAR_WIC_2000_082,-0.004835364,0.999999999,0.000000001,0.0
MAR_WIC_2000_083,-0.004731358,0.999999999,0.000000001,0.0
MAR_WIC_2000_085,-0.004775171,0.999999999,0.000000001,0.0
MAR_WIC_2000_087,-0.00481209,0.999999999,0.000000001,0.0
MAR_WIC_2000_089,-0.004815125,0.999999999,0.000000001,0.0
MAR_WIC_2000_091,-0.00473434,0.999999999,0.000000001,0.0
MAR_WIC_2000_092,-0.004673786,0.999999999,0.000000001,0.0
MAR_WIC_2000_093,-0.004783438,0.999999999,0.000000001,0.0
MAR_WIC_2000_094,-0.004717062,0.999999999,0.000000001,0.0
MAR_WIC_2000_095,-0.004502628,0.999999999,0.000000001,0.0
MAR_WIC_2000_096,-0.004383589,0.999999999,0.000000001,0.0
MAR_WIC_2000_097,-0.004618238,0.999999999,0.000000001,0.0
MAR_WIC_2000_098,-0.004528483,0.999999999,0.000000001,0.0
MAR_WIC_2000_099,-0.004580178,0.999999999,0.000000001,0.0
MAR_WIC_2000_100,-0.00474066,0.999999999,0.000000001,0.0
MAR_WIC_2000_102,-0.004782706,0.999999999,0.000000001,0.0
MAR_WIC_2000_104,-0.004780472,0.999999999,0.000000001,0.0
MAR_WIC_2000_113,-0.004613273,0.999999999,0.000000001,0.0
MAR_WIC_2000_114,-0.004752358,0.999999999,0.000000001,0.0
MAR_WIC_2017_001,-0.004543662,0.999999999,0.000000001,0.0,,0.1,
MAR_WIC_2017_003,-0.004085447,0.996214753,0.003785247,0.4
MAR_WIC_2017_004,-0.004613589,0.999999999,0.000000001,0.0
MAR_WIC_2017_005,-0.004519614,0.999999999,0.000000001,0.0
MAR_WIC_2017_008,-0.004767554,0.999999999,0.000000001,0.0
MAR_WIC_2017_009,-0.004524655,0.998303142,0.001696858,0.2
MAR_WIC_2017_010,-0.004612347,0.998780114,0.001219886,0.1
MAR_WIC_2017_012,-0.004675695,0.999999999,0.000000001,0.0
MAR_WIC_2017_013,-0.004643233,0.999999999,0.000000001,0.0
MAR_WIC_2017_014,-0.004580357,0.999999999,0.000000001,0.0
MAR_WIC_2017_016,-0.004733215,0.999999999,0.000000001,0.0
MAR_WIC_2017_019,-0.004749783,0.999645164,0.000354836,0.0
MAR_WIC_2017_020,-0.004626956,0.999761144,0.000238856,0.0
MAR_WIC_2017_021,-0.004712438,0.999999999,0.000000001,0.0
MAR_WIC_2017_023,-0.004748423,0.999999999,0.000000001,0.0
MAR_WIC_2017_024,-0.004536306,0.998961446,0.001038554,0.1
MAR_WIC_2017_026,-0.004326191,0.999999999,0.000000001,0.0
MAR_WIC_2017_027,-0.004084312,0.996787716,0.003212284,0.3
MAR_WIC_2017_029,-0.004290677,0.997650751,0.002349249,0.2
MAR_WIC_2017_030,-0.004450955,0.99792164,0.00207836,0.2
MAR_WMR_2000_033,-0.004695876,0.999999999,0.000000001,0.0,,0.0,
MAR_WMR_2000_037,-0.004721906,0.999999999,0.000000001,0.0
MAR_WMR_2016_001,-0.004671844,0.999999999,0.000000001,0.0,,0.0,
MAR_WMR_2016_002,-0.004776595,0.999999999,0.000000001,0.0
MAR_WMR_2016_003,-0.004773288,0.999999999,0.000000001,0.0
MAR_WMR_2016_004,-0.004682426,0.999999999,0.000000001,0.0
MAR_WMR_2016_005,-0.00424015,0.997784333,0.002215667,0.2
MCD_CCC_2017_001,-0.004549239,0.999999999,0.000000001,0.0
MCD_CCC_2017_002,-0.004350707,0.998945776,0.001054224,0.1
MCD_CCC_2017_003,-0.004283632,0.997962577,0.002037423,0.2
MCD_CCC_2017_005,-0.003338006,0.99352336,0.00647664,0.6
MCD_CCC_2017_006,-0.003836205,0.995100732,0.004899268,0.5
MCD_CCC_2017_007,-0.004476958,0.999999999,0.000000001,0.0
MCD_CCC_2017_008,-0.004571375,0.999999999,0.000000001,0.0
MCD_CCC_2017_009,-0.004408625,0.99871263,0.00128737,0.1
MCD_CCC_2017_010,-0.003455335,0.992120849,0.007879151,0.8
MCD_CCC_2017_011,-0.003470315,0.994130973,0.005869027,0.6
MCD_LIN_2000_101,-0.004589783,0.999999999,0.000000001,0.0,,0.1,
MCD_LIN_2000_102,-0.004603039,0.999999999,0.000000001,0.0
MCD_LIN_2000_104,-0.004314258,0.998895392,0.001104608,0.1
MCD_LIN_2000_105,-0.004495456,0.999999999,0.000000001,0.0
MCD_LIN_2000_109,-0.003848428,0.998229516,0.001770484,0.2
MCD_LIN_2000_110,-0.003782914,0.997509888,0.002490112,0.2
MCD_LIN_2000_111,-0.003353966,0.998571329,0.001428671,0.1
MCD_LIN_2000_112,-0.003824245,0.998312558,0.001687442,0.2
MCD_LIN_2000_113,-0.004583359,0.999999999,0.000000001,0.0
MCD_LIN_2017_001,-0.004544636,0.999999999,0.000000001,0.0,,2.5,
MCD_LIN_2017_002,-0.004618118,0.999999999,0.000000001,0.0
MCD_LIN_2017_003,0.008076748,0.938933086,0.061066914,6.1
MCD_LIN_2017_004,0.004318282,0.954522619,0.045477381,4.5
MCD_LIN_2017_005,0.003703147,0.960941446,0.039058554,3.9
MCD_LIN_2017_006,-0.003711096,0.997382193,0.002617807,0.3
NFH_FOR_1997_001,-0.004813136,0.999999999,0.000000001,0.0,,0.2,
NFH_FOR_1997_021,-0.002810558,0.991888431,0.008111569,0.8
NFH_FOR_1997_053,-0.003597696,0.995407257,0.004592743,0.5
NFH_FOR_1997_054,-0.004091006,0.996997675,0.003002325,0.3
NFH_FOR_1997_055,-0.004255871,0.996159306,0.003840694,0.4
NFH_FOR_1997_081,-0.004645003,0.999999999,0.000000001,0.0
NFH_FOR_1997_092,-0.004700161,0.999999999,0.000000001,0.0
NFH_FOR_1997_111,-0.004445955,0.999999999,0.000000001,0.0
NFH_FOR_2017_014,-0.002769414,0.993052942,0.006947058,0.7,,0.2,
NFH_FOR_2017_016,-0.003650969,0.995241036,0.004758964,0.5
NFH_FOR_2017_021,-0.002466797,0.991202318,0.008797682,0.9
NFH_FOR_2017_025,-0.003326998,0.993605517,0.006394483,0.6
NFH_FOR_2017_051,-0.003605926,0.996650879,0.003349121,0.3
NFH_FOR_2017_055,-0.004357433,0.998631392,0.001368608,0.1
NFH_FOR_2017_059,-0.004093524,0.996328079,0.003671921,0.4
NFH_FOR_2017_065,-0.003641098,0.99482537,0.00517463,0.5
NFH_FOR_2017_067,-0.004595619,0.999999999,0.000000001,0.0
NFH_FOR_2017_078,-0.004682874,0.999999999,0.000000001,0.0
NFH_FOR_2017_102,-0.004908253,0.999999999,0.000000001,0.0
NFH_FOR_2017_105,-0.004897091,0.999999999,0.000000001,0.0
NFH_FOR_2017_107,-0.004335686,0.999999971,2.8537E-08,0.0
NFH_FOR_2017_110,-0.005001848,0.999999999,0.000000001,0.0
NFH_FOR_2017_115,-0.004680947,0.999999999,0.000000001,0.0
NFH_FOR_2017_118,-0.004491626,0.999999999,0.000000001,0.0
NFH_FOR_2017_124,-0.00438858,0.999999999,0.000000001,0.0
NFH_FOR_2017_126,-0.004753669,0.999999999,0.000000001,0.0
NFH_FOR_2017_129,-0.004859021,0.999999999,0.000000001,0.0
NFH_GAN_2000_101,-0.004725272,0.999999999,0.000000001,0.0,,0.0,
NFH_GAN_2000_102,-0.005034588,0.999999999,0.000000001,0.0
NFH_GAN_2000_108,-0.004238717,0.999451313,0.000548687,0.1
NFH_GAN_2000_109,-0.004245733,0.999999999,0.000000001,0.0
NFH_GAN_2000_110,-0.004951346,0.999999999,0.000000001,0.0
NFH_GAN_2000_111,-0.004282837,0.999999999,0.000000001,0.0
NFH_GAN_2017_002,-0.004929715,0.999999999,0.000000001,0.0,,0.1,
NFH_GAN_2017_003,-0.004711781,0.999999999,0.000000001,0.0
NFH_GAN_2017_004,-0.004639442,0.999999999,0.000000001,0.0
NFH_GAN_2017_005,-0.004809662,0.999999999,0.000000001,0.0
NFH_GAN_2017_006,-0.00289616,0.988868249,0.011131751,1.1
NFH_GAN_2017_007,-0.004441799,0.997127031,0.002872969,0.3
NFH_GAN_2017_008,-0.004702256,0.999999999,0.000000001,0.0
NFH_GAN_2017_009,-0.004752583,0.999999999,0.000000001,0.0
NFH_GAN_2017_010,-0.004603176,0.999999999,0.000000001,0.0
NFH_GAN_2017_011,-0.004626602,0.999999999,0.000000001,0.0
NFH_GAN_2017_012,-0.004662737,0.999999999,0.000000001,0.0
NFH_GAN_2017_013,-0.004660393,0.999999999,0.000000001,0.0
NFH_GAN_2017_014,-0.004550469,0.999999999,0.000000001,0.0
NFH_GAN_2017_015,-0.004547405,0.999514159,0.000485841,0.0
NFH_GAN_2017_016,-0.004759957,0.999999999,0.000000001,0.0
NFH_GAN_2017_017,-0.004732845,0.999999999,0.000000001,0.0
NFH_GAN_2017_018,-0.004482699,0.998944093,0.001055907,0.1
NFH_GAN_2017_019,-0.004606275,0.999999999,0.000000001,0.0
NFH_GAN_2017_020,-0.004558953,0.999999999,0.000000001,0.0
OOB_OHR_2011_001,-0.002993501,0.993185133,0.006814867,0.7
PPT_LNF_2016_001,-0.004290876,0.999999999,0.000000001,0.0
PPT_LNF_2016_002,-0.004438329,0.999999999,0.000000001,0.0
PPT_LNF_2016_003,-0.004325909,0.999999999,0.000000001,0.0
PPT_LNF_2016_004,-0.004227943,0.999999999,0.000000001,0.0
PPT_LNF_2016_005,-0.004229843,0.999999999,0.000000001,0.0
PPT_LNF_2016_006,-0.004252202,0.99990106,9.89401E-05,0.0
PPT_LNF_2016_007,-0.003911208,0.999999999,0.000000001,0.0
PPT_LNF_2016_008,-0.003927267,0.999999999,0.000000001,0.0
PPT_LNF_2016_009,-0.004359563,0.999999999,0.000000001,0.0
PPT_LNF_2016_010,-0.00429101,0.999999999,0.000000001,0.0
PPT_LNF_2016_011,-0.004217347,0.999999999,0.000000001,0.0
PPT_LNF_2016_012,-0.003991708,0.999999999,0.000000001,0.0
PPT_LNF_2016_013,-0.004274437,0.999999999,0.000000001,0.0
PPT_LNF_2016_014,-0.004116576,0.999999999,0.000000001,0.0
PPT_LNF_2016_017,-0.004228306,0.999999999,0.000000001,0.0
PPT_LNF_2016_018,-0.004106903,0.999999999,0.000000001,0.0
PPT_LNF_2016_019,-0.004213724,0.999254294,0.000745706,0.1
PPT_LNF_2016_020,-0.004375889,0.999999999,0.000000001,0.0
QUI_AND_2016_001,-0.00457914,0.999999999,0.000000001,0.0
QUI_AND_2016_002,-0.004843427,0.999999999,0.000000001,0.0
QUI_AND_2016_003,-0.004758531,0.999999999,0.000000001,0.0
QUI_AND_2016_004,-0.00457239,0.999999999,0.000000001,0.0
QUI_AND_2016_005,-0.00479132,0.999999999,0.000000001,0.0
QUI_AND_2016_006,-0.004871626,0.999999999,0.000000001,0.0
QUI_AND_2016_111,-0.004635005,0.999999999,0.000000001,0.0
QUI_BAT_2013_117,-0.004805688,0.999999999,0.000000001,0.0,,0.0,
QUI_BAT_2013_118,-0.004190482,0.997831885,0.002168115,0.2
QUI_BAT_2013_119,-0.004831087,0.999999999,0.000000001,0.0
QUI_BAT_2013_120,-0.00486196,0.999999999,0.000000001,0.0
QUI_BAT_2013_121,-0.004714788,0.999999999,0.000000001,0.0
QUI_BAT_2013_122,-0.004901489,0.999999999,0.000000001,0.0
QUI_BAT_2013_123,-0.004533173,0.999999999,0.000000001,0.0
QUI_BAT_2013_124,-0.004779683,0.999999999,0.000000001,0.0
QUI_CMC_2016_001,-0.004652804,0.999999999,0.000000001,0.0
QUI_CMC_2016_002,-0.004863349,0.999999999,0.000000001,0.0
QUI_CMC_2016_003,-0.004363116,0.999999999,0.000000001,0.0
QUI_CMC_2016_004,-0.004150463,0.999999999,0.000000001,0.0
QUI_CMC_2016_005,-0.004579051,0.999999999,0.000000001,0.0
QUI_CMC_2016_006,-0.004627677,0.999999999,0.000000001,0.0
QUI_CMC_2016_007,-0.004593709,0.999999999,0.000000001,0.0
QUI_CMC_2016_008,-0.004641781,0.999999999,0.000000001,0.0
QUI_CMC_2016_009,-0.004906954,0.999999999,0.000000001,0.0
QUI_CMC_2016_010,-0.004661225,0.999999999,0.000000001,0.0
QUI_CMC_2016_011,-0.004560897,0.999999999,0.000000001,0.0
QUI_CMC_2016_012,-0.004838509,0.999999999,0.000000001,0.0
QUI_CMC_2016_013,-0.004713184,0.999999999,0.000000001,0.0
QUI_CMC_2016_014,-0.004580272,0.999999999,0.000000001,0.0
QUI_CMC_2016_015,-0.00457268,0.999999999,0.000000001,0.0
QUI_CMC_2016_016,-0.003989993,0.994318951,0.005681049,0.6
QUI_CMC_2016_017,-0.004363268,0.999340454,0.000659546,0.1
QUI_CMC_2016_018,-0.004493026,0.999999999,0.000000001,0.0,0.0,,
QUI_FCC_2017_001,-0.000530813,0.981046711,0.018953289,1.9
QUI_FCC_2017_002,-0.000166383,0.976562709,0.023437291,2.3
QUI_FCC_2017_003,0.000142933,0.977412618,0.022587382,2.3
QUI_FCC_2017_004,0.000344097,0.97732958,0.02267042,2.3
QUI_FCC_2017_005,0.000824944,0.974481721,0.025518279,2.6
QUI_FCC_2017_006,0.000743048,0.976058225,0.023941775,2.4
QUI_FCC_2017_007,0.002357536,0.967888983,0.032111017,3.2
QUI_FCC_2017_008,0.00204787,0.968532869,0.031467131,3.1
QUI_FCC_2017_010,-0.000720991,0.980252309,0.019747691,2.0
QUI_FCC_2017_011,0.002553786,0.964578797,0.035421203,3.5
QUI_FCC_2017_012,0.00055986,0.974461948,0.025538052,2.6,2.6,not in PVA est anyway,
QUI_JCC_2017_001,0.006414627,0.938409689,0.061590311,6.2
QUI_JCC_2017_002,0.008302868,0.927177964,0.072822036,7.3
QUI_JCC_2017_003,0.002220781,0.957984806,0.042015194,4.2
QUI_JCC_2017_004,0.009384057,0.920014914,0.079985086,8.0
QUI_JCC_2017_005,0.005220124,0.943267715,0.056732285,5.7
QUI_JCC_2017_006,0.003859137,0.951442172,0.048557828,4.9
QUI_JCC_2017_007,0.010682647,0.918720677,0.081279323,8.1
QUI_JCC_2017_008,0.004718602,0.946045612,0.053954388,5.4
QUI_JCC_2017_009,0.007153735,0.935255737,0.064744263,6.5
QUI_JCC_2017_010,0.001720313,0.962978158,0.037021842,3.7
QUI_JCC_2017_011,0.003091042,0.954512637,0.045487363,4.5
QUI_JCC_2017_012,0.008141808,0.932575457,0.067424543,6.7
QUI_JCC_2017_013,0.008159782,0.93285286,0.06714714,6.7
QUI_JCC_2017_014,0.000335309,0.970262789,0.029737211,3.0
QUI_JCC_2017_015,0.000722093,0.969755194,0.030244806,3.0,,5.6,
QUI_LON_2011_216,-0.004402288,0.999702532,0.000297468,0.0,,0.2,not in PVA est anyway
QUI_LON_2011_217,-0.004393182,0.999873144,0.000126856,0.0
QUI_LON_2011_218,-0.004775199,0.999999999,0.000000001,0.0
QUI_LON_2011_220,-0.004229598,0.998433637,0.001566363,0.2
QUI_LON_2011_221,-0.003780313,0.995570068,0.004429932,0.4
QUI_LON_2011_222,-0.004685591,0.999999999,0.000000001,0.0
QUI_LON_2011_223,-0.004677011,0.999999999,0.000000001,0.0
QUI_LON_2011_225,-0.003775298,0.994593001,0.005406999,0.5
QUI_LON_2011_226,-0.004605648,0.999999999,0.000000001,0.0
QUI_LON_2011_227,-0.003475168,0.995001687,0.004998313,0.5
QUI_LON_2011_230,-0.002403233,0.990816078,0.009183922,0.9
QUI_LON_2011_231,-0.004721381,0.999999999,0.000000001,0.0
QUI_LON_2011_232,-0.003904142,0.996392918,0.003607082,0.4
QUI_LON_2011_233,-0.004077738,0.999741671,0.000258329,0.0
QUI_LON_2016_001,-0.003631766,0.995249652,0.004750348,0.5,,1.0,not in PVA est anyway
QUI_LON_2016_002,-0.004362111,0.99859429,0.00140571,0.1
QUI_LON_2016_003,0.000786541,0.975391838,0.024608162,2.5
QUI_NFB_2016_001,-0.004751871,0.999999999,0.000000001,0.0
QUI_NFB_2016_002,-0.004447185,0.999999999,0.000000001,0.0
QUI_NFB_2016_003,-0.004647376,0.999999999,0.000000001,0.0
QUI_NFB_2016_004,-0.004773733,0.999999999,0.000000001,0.0
QUI_NFB_2016_005,-0.004634098,0.999999999,0.000000001,0.0
QUI_NFB_2016_006,-0.004741673,0.999999999,0.000000001,0.0
QUI_NFB_2016_007,-0.00458815,0.999999999,0.000000001,0.0
QUI_WAC_1997_006,-0.004785619,0.999999999,0.000000001,0.0,,0.3,
QUI_WAC_1997_007,-0.004716772,0.999999999,0.000000001,0.0
QUI_WAC_1997_008,-0.003560668,0.994927265,0.005072735,0.5
QUI_WAC_1997_011,-0.003650143,0.994661719,0.005338281,0.5
QUI_WAC_1997_012,-0.002919358,0.99083051,0.00916949,0.9
QUI_WAC_1997_013,-0.004379932,0.999999999,0.000000001,0.0
QUI_WAC_1997_014,-0.004560393,0.999209178,0.000790822,0.1
QUI_WAC_1997_015,-0.003900481,0.995690955,0.004309045,0.4
QUI_WAC_1997_016,-0.00404918,0.996056494,0.003943506,0.4
QUI_WAC_1997_017,-0.004605466,0.999716398,0.000283602,0.0
QUI_WAC_1997_018,-0.003636915,0.994936388,0.005063612,0.5
QUI_WAC_1997_019,-0.004339649,0.999031045,0.000968955,0.1
QUI_WAC_1997_020,-0.004203146,0.996157483,0.003842517,0.4
QUI_WAC_1997_021,-0.004680782,0.999999999,0.000000001,0.0
QUI_WAC_1997_022,-0.004369434,0.999999999,0.000000001,0.0
QUI_WAC_1997_023,-0.004440965,0.998506447,0.001493553,0.1
QUI_WAC_1997_024,-0.004235407,0.997539346,0.002460654,0.2
QUI_WAC_1997_025,-0.003081662,0.991617909,0.008382091,0.8
QUI_WAC_2016_001,-0.004677268,0.999999999,0.000000001,0.0,,0.0,
QUI_WAC_2016_002,-0.004722302,0.999999999,0.000000001,0.0
QUI_WAC_2016_004,-0.004716306,0.999999999,0.000000001,0.0
QUI_WAC_2016_005,-0.004568455,0.999999999,0.000000001,0.0
QUI_WAC_2016_006,-0.004514981,0.999999999,0.000000001,0.0
QUI_WAC_2016_008,-0.004677949,0.999999999,0.000000001,0.0
QUI_WAC_2016_009,-0.00440243,0.999999999,0.000000001,0.0
QUI_WAC_2016_011,-0.00458951,0.999999999,0.000000001,0.0
QUI_WAC_2016_012,-0.004555389,0.999999999,0.000000001,0.0
RBT_TRU_2010_001,0.222460507,0.000000001,0.999999999,100.0
RBT_TRU_2010_002,0.221159727,0.000000001,0.999999999,100.0
RBT_TRU_2010_003,0.209125122,0.000000001,0.999999999,100.0
RBT_TRU_2010_004,0.209427236,0.000000001,0.999999999,100.0
RBT_TRU_2010_005,0.219003306,0.000000001,0.999999999,100.0
RBT_TRU_2010_006,0.223032931,0.000000001,0.999999999,100.0
RBT_TRU_2010_008,0.179100073,0.000000001,0.999999999,100.0
RBT_TRU_2010_009,0.220531948,0.000000001,0.999999999,100.0
RBT_TRU_2010_010,0.215277865,0.000000001,0.999999999,100.0
RBT_TRU_2010_011,0.204504831,0.000000001,0.999999999,100.0
RBT_TRU_2010_012,0.213542403,0.000000001,0.999999999,100.0
RBT_TRU_2010_013,0.220857522,0.000000001,0.999999999,100.0
RBT_TRU_2010_014,0.220425872,0.000000001,0.999999999,100.0
RBT_TRU_2010_015,0.198275845,0.000000001,0.999999999,100.0
RBT_TRU_2010_016,0.186052698,0.000000001,0.999999999,100.0
RBT_TRU_2010_017,0.210503345,0.000000001,0.999999999,100.0
RBT_TRU_2010_018,0.220774832,0.000000001,0.999999999,100.0
RBT_TRU_2010_019,0.221076582,0.000000001,0.999999999,100.0
RBT_TRU_2010_020,0.212092167,0.000000001,0.999999999,100.0
REE_CRA_2009_134,-0.004869138,0.999999999,0.000000001,0.0
REE_CRA_2009_135,-0.004860818,0.999999999,0.000000001,0.0
REE_CRA_2009_136,-0.004892655,0.999999999,0.000000001,0.0
REE_CRA_2009_137,-0.00478446,0.999999999,0.000000001,0.0
REE_CRA_2009_138,-0.004873642,0.999999999,0.000000001,0.0
REE_CRA_2009_139,-0.004793555,0.999999999,0.000000001,0.0
REE_CRA_2009_141,-0.004957561,0.999999999,0.000000001,0.0
REE_CRA_2009_142,-0.004836598,0.999999999,0.000000001,0.0
REE_CRA_2009_143,-0.004825967,0.999999999,0.000000001,0.0
REE_CRA_2009_144,-0.004807467,0.999999999,0.000000001,0.0
REE_CRA_2009_145,-0.004877339,0.999999999,0.000000001,0.0
REE_CRA_2009_146,-0.004836508,0.999999999,0.000000001,0.0
REE_CRA_2009_147,-0.004733762,0.999999999,0.000000001,0.0
REE_CRA_2009_148,-0.004775269,0.999999999,0.000000001,0.0
REE_CRA_2009_149,-0.004846958,0.999999999,0.000000001,0.0
REE_CRA_2009_150,-0.004818565,0.999999999,0.000000001,0.0
REE_CRA_2009_151,-0.004792467,0.999999999,0.000000001,0.0
REE_CRA_2009_152,-0.004804515,0.999999999,0.000000001,0.0
REE_CRA_2009_153,-0.004738077,0.999999999,0.000000001,0.0
REE_CRA_2009_154,-0.004749816,0.999999999,0.000000001,0.0
REE_CRA_2009_155,-0.004784652,0.999999999,0.000000001,0.0
REE_MHK_2000_003,-0.004826389,0.999999999,0.000000001,0.0,,0.0,
REE_MHK_2000_004,-0.004812959,0.999999999,0.000000001,0.0
REE_MHK_2000_005,-0.004662144,0.999999999,0.000000001,0.0
REE_MHK_2000_006,-0.004818455,0.999999999,0.000000001,0.0
REE_MHK_2000_009,-0.004678842,0.999999999,0.000000001,0.0
REE_MHK_2000_011,-0.004707814,0.999999999,0.000000001,0.0
REE_MHK_2000_012,-0.004821212,0.999999999,0.000000001,0.0
REE_MHK_2000_013,-0.004718248,0.999999999,0.000000001,0.0
REE_MHK_2000_014,-0.004731963,0.999999999,0.000000001,0.0
REE_MHK_2000_015,-0.004853557,0.999999999,0.000000001,0.0
REE_MHK_2000_016,-0.004900964,0.999999999,0.000000001,0.0
REE_MHK_2000_017,-0.004781905,0.999999999,0.000000001,0.0
REE_MHK_2000_021,-0.004712935,0.999999999,0.000000001,0.0
REE_MHK_2000_022,-0.004771037,0.999999999,0.000000001,0.0
REE_MHK_2000_023,-0.00470692,0.999999999,0.000000001,0.0
REE_MHK_2000_025,-0.004370257,0.998663736,0.001336264,0.1
REE_MHK_2000_026,-0.004849564,0.999999999,0.000000001,0.0
REE_MHK_2000_027,-0.003933986,0.997233447,0.002766553,0.3
REE_MHK_2000_028,-0.004541667,0.999999999,0.000000001,0.0
REE_MHK_2000_029,-0.004529111,0.999999999,0.000000001,0.0
REE_MHK_2000_031,-0.004845121,0.999999999,0.000000001,0.0
REE_MHK_2016_001,-0.004459173,0.999999999,0.000000001,0.0,,0.0,
REE_MHK_2016_002,-0.004790186,0.999999999,0.000000001,0.0
REE_MHK_2016_003,-0.00467584,0.999999999,0.000000001,0.0
REE_MHK_2016_004,-0.00468764,0.999999999,0.000000001,0.0
REE_MHK_2016_005,-0.00468888,0.999999999,0.000000001,0.0
REE_MRV_2016_001,-0.00406814,0.997433788,0.002566212,0.3,,0.1,
REE_MRV_2016_002,-0.004718372,0.999999999,0.000000001,0.0
REE_MRV_2016_003,-0.004704962,0.999999999,0.000000001,0.0
REE_MRV_2016_004,-0.004680848,0.999999999,0.000000001,0.0
REE_MRV_2016_005,-0.004490831,0.999999999,0.000000001,0.0
REE_TNY_2001_001,-0.004561985,0.999999999,0.000000001,0.0
REE_TNY_2001_002,-0.004464301,0.999999999,0.000000001,0.0
REE_TNY_2001_003,-0.004536802,0.999999999,0.000000001,0.0
REE_TNY_2001_004,-0.004652185,0.999999999,0.000000001,0.0
REE_TNY_2001_005,-0.004661482,0.999999999,0.000000001,0.0
REE_TNY_2001_006,-0.00455812,0.999999999,0.000000001,0.0
REE_TNY_2001_008,-0.004591056,0.999999999,0.000000001,0.0
REE_TNY_2001_009,-0.004667626,0.999999999,0.000000001,0.0
REE_TNY_2001_010,-0.004524027,0.999999999,0.000000001,0.0
REE_TNY_2001_011,-0.004273784,0.999999999,0.000000001,0.0
REE_TNY_2001_012,-0.004628046,0.999999999,0.000000001,0.0
REE_TNY_2001_013,-0.00466926,0.999999999,0.000000001,0.0
REE_TNY_2001_014,-0.004722779,0.999999999,0.000000001,0.0
REE_TNY_2001_015,-0.004746913,0.999999999,0.000000001,0.0
REE_TNY_2001_016,-0.00471693,0.999999999,0.000000001,0.0
REE_TNY_2001_017,-0.004796766,0.999999999,0.000000001,0.0
REE_TNY_2012_001,-0.004771177,0.999999999,0.000000001,0.0
REE_TNY_2012_002,-0.004679305,0.999999999,0.000000001,0.0
REE_TNY_2012_003,-0.004786329,0.999999999,0.000000001,0.0
ROC_FRZ_1997_005,-0.00486435,0.999999999,0.000000001,0.0,,0.0,
ROC_FRZ_1997_007,-0.004359372,0.999999999,0.000000001,0.0
ROC_FRZ_1997_009,-0.00482558,0.999999999,0.000000001,0.0
ROC_FRZ_1997_011,-0.004996597,0.999999999,0.000000001,0.0
ROC_FRZ_1997_022,-0.00447292,0.997480894,0.002519106,0.3
ROC_FRZ_1997_026,-0.004945284,0.999999999,0.000000001,0.0
ROC_FRZ_2000_023,-0.004897024,0.999999999,0.000000001,0.0
ROC_FRZ_2000_030,-0.004722425,0.999999999,0.000000001,0.0
ROC_FRZ_2000_032,-0.004883496,0.999999999,0.000000001,0.0
ROC_FRZ_2000_035,-0.004740727,0.999999999,0.000000001,0.0
ROC_FRZ_2000_039,-0.005032845,0.999999999,0.000000001,0.0
ROC_FRZ_2000_046,-0.005016978,0.999999999,0.000000001,0.0
ROC_FRZ_2017_001,-0.004951665,0.999999999,0.000000001,0.0
ROC_FRZ_2017_008,-0.004926593,0.999999999,0.000000001,0.0
ROC_FRZ_2017_009,-0.004717584,0.999999999,0.000000001,0.0
ROC_FRZ_2017_012,-0.004660419,0.999999999,0.000000001,0.0
ROC_FRZ_2017_015,-0.00460908,0.999999999,0.000000001,0.0
ROC_FRZ_2017_026,-0.004827426,0.999999999,0.000000001,0.0
ROC_FRZ_2017_028,-0.004755666,0.999999999,0.000000001,0.0
ROC_FRZ_2017_035,-0.004692899,0.999999999,0.000000001,0.0
ROC_FRZ_2017_037,-0.004515157,0.999999999,0.000000001,0.0
ROC_FRZ_2017_040,-0.00511019,0.999999999,0.000000001,0.0
ROC_FRZ_2017_041,-0.004575705,0.999999999,0.000000001,0.0
ROC_FRZ_2017_047,-0.004639654,0.999999999,0.000000001,0.0
ROC_FRZ_2017_051,-0.004743264,0.999999999,0.000000001,0.0
ROC_FRZ_2017_052,-0.004827627,0.999999999,0.000000001,0.0
ROC_FRZ_2017_062,-0.004742828,0.999999999,0.000000001,0.0
ROC_FRZ_2017_063,-0.004809356,0.999999999,0.000000001,0.0
ROC_FRZ_2017_069,-0.004761764,0.999999999,0.000000001,0.0
ROC_FRZ_2017_070,-0.004773721,0.999999999,0.000000001,0.0
ROC_FRZ_2017_075,-0.004566392,0.999999999,0.000000001,0.0
ROC_FRZ_2017_076,-0.004676137,0.999999999,0.000000001,0.0
ROC_ROC_2009_001,-0.004620208,0.999999999,0.000000001,0.0
ROC_ROC_2009_002,-0.004471532,0.999999999,0.000000001,0.0
ROC_ROC_2009_003,-0.004713134,0.999999999,0.000000001,0.0
ROC_ROC_2009_004,-0.004743152,0.999999999,0.000000001,0.0
ROC_ROC_2009_005,-0.004571534,0.999999999,0.000000001,0.0
ROC_ROC_2009_006,-0.004668541,0.999999999,0.000000001,0.0
ROC_ROC_2009_007,-0.004660125,0.999999999,0.000000001,0.0
ROC_ROC_2009_008,-0.004618073,0.999999999,0.000000001,0.0
ROC_ROC_2009_009,-0.004718267,0.999999999,0.000000001,0.0
ROC_ROC_2009_010,-0.004687939,0.999999999,0.000000001,0.0
ROC_ROC_2009_011,-0.004656681,0.999999999,0.000000001,0.0
ROC_ROC_2009_012,-0.004723456,0.999999999,0.000000001,0.0
ROC_ROC_2009_013,-0.004650994,0.999999999,0.000000001,0.0
ROC_ROC_2009_014,-0.004769092,0.999999999,0.000000001,0.0
ROC_ROC_2017_001,-0.004772186,0.999999999,0.000000001,0.0
ROC_ROC_2017_002,-0.004648093,0.999999999,0.000000001,0.0
ROC_ROC_2017_003,-0.004635462,0.999999999,0.000000001,0.0
ROC_ROC_2017_004,-0.004748967,0.999999999,0.000000001,0.0
ROC_ROC_2017_005,-0.004808851,0.999999999,0.000000001,0.0
ROC_ROC_2017_006,-0.004744201,0.999999999,0.000000001,0.0
ROC_ROC_2017_007,-0.004669032,0.999999999,0.000000001,0.0
ROC_ROC_2017_008,-0.004316128,0.998144053,0.001855947,0.2
ROC_TOJ_2017_001,-0.004767902,0.999999999,0.000000001,0.0
ROC_TOJ_2017_003,-0.004791961,0.999999999,0.000000001,0.0
ROC_TOJ_2017_004,-0.004766984,0.999999999,0.000000001,0.0
ROC_TOJ_2017_008,-0.004916938,0.999999999,0.000000001,0.0
ROC_TOJ_2017_011,-0.004867358,0.999999999,0.000000001,0.0
ROC_TOJ_2017_012,-0.004876854,0.999999999,0.000000001,0.0
ROC_TOJ_2017_016,-0.004746796,0.999999999,0.000000001,0.0
ROC_TOJ_2017_020,-0.004856371,0.999999999,0.000000001,0.0
ROC_TOJ_2017_021,-0.004818989,0.999999999,0.000000001,0.0
ROC_TOJ_2017_023,-0.004892627,0.999999999,0.000000001,0.0
ROC_TOJ_2017_025,-0.004801565,0.999999999,0.000000001,0.0
ROC_TOJ_2017_026,-0.004804813,0.999999999,0.000000001,0.0
ROC_TOJ_2017_030,-0.004787393,0.999999999,0.000000001,0.0
ROC_TOJ_2017_032,-0.004840154,0.999999999,0.000000001,0.0
ROC_TOJ_2017_036,-0.004823424,0.999999999,0.000000001,0.0
ROC_TOJ_2017_037,-0.00474694,0.999999999,0.000000001,0.0
ROC_TOJ_2017_040,-0.003981433,0.996724826,0.003275174,0.3
ROC_TOJ_2017_044,-0.004681344,0.999999999,0.000000001,0.0
ROC_TOJ_2017_046,-0.004716125,0.999999999,0.000000001,0.0
ROC_TOJ_2017_050,-0.00483541,0.999999999,0.000000001,0.0
ROC_WLN_2009_001,-0.004804807,0.999999999,0.000000001,0.0,,0.1,
ROC_WLN_2009_002,-0.004733274,0.999999999,0.000000001,0.0
ROC_WLN_2009_003,-0.004790014,0.999999999,0.000000001,0.0
ROC_WLN_2009_004,-0.003402609,0.993819102,0.006180898,0.6
ROC_WLN_2009_005,-0.004658927,0.999999999,0.000000001,0.0
ROC_WLN_2009_006,-0.00465802,0.999999999,0.000000001,0.0
ROC_WLN_2009_007,-0.004488584,0.99992343,7.65703E-05,0.0
ROC_WLN_2009_008,-0.004424658,0.998355998,0.001644002,0.2
ROC_WLN_2009_009,-0.004702199,0.999999999,0.000000001,0.0
ROC_WLN_2009_010,-0.004832444,0.999999999,0.000000001,0.0
ROC_WLN_2009_011,-0.004113708,0.997991401,0.002008599,0.2
ROC_WLN_2009_012,-0.004814606,0.999999999,0.000000001,0.0
ROC_WLN_2009_013,-0.004525444,0.999999999,0.000000001,0.0
ROC_WLN_2009_014,-0.004791333,0.999999999,0.000000001,0.0
ROC_WLN_2009_015,-0.004752704,0.999999999,0.000000001,0.0
ROC_WLN_2009_016,-0.004620992,0.999999999,0.000000001,0.0
ROC_WLN_2009_017,-0.00337362,0.993091982,0.006908018,0.7
ROC_WLN_2009_018,-0.004571125,0.999999999,0.000000001,0.0
ROC_WLN_2009_019,-0.004743075,0.999999999,0.000000001,0.0
ROC_WLN_2009_333,-0.004701589,0.999999999,0.000000001,0.0
ROC_WLN_2017_001,-0.004648976,0.999999999,0.000000001,0.0
ROC_WLN_2017_002,-0.004654089,0.999999999,0.000000001,0.0
ROC_WLN_2017_003,-0.004830362,0.999999999,0.000000001,0.0
ROC_WLN_2017_004,-0.004483234,0.999999999,0.000000001,0.0
ROC_WLN_2017_005,-0.004760824,0.999999999,0.000000001,0.0
ROC_WLN_2017_006,-0.004694209,0.999999999,0.000000001,0.0
ROC_WLN_2017_007,-0.004793714,0.999999999,0.000000001,0.0
ROC_WLN_2017_008,-0.004803653,0.999999999,0.000000001,0.0
ROC_WLN_2017_009,-0.004722679,0.999999999,0.000000001,0.0
ROC_WLN_2017_010,-0.004898182,0.999999999,0.000000001,0.0
SFH_2BO_2016_001,0.082723528,0.430135532,0.569864468,57.0,3.6,,
SFH_2BO_2016_002,-0.004825419,0.999999999,0.000000001,0.0
SFH_2BO_2016_003,-0.004578131,0.999999999,0.000000001,0.0
SFH_2BO_2016_004,-0.004765143,0.999999999,0.000000001,0.0
SFH_2BO_2016_005,-0.004965661,0.999999999,0.000000001,0.0
SFH_2BO_2016_006,-0.004955795,0.999999999,0.000000001,0.0
SFH_2BO_2016_007,-0.004666506,0.999999999,0.000000001,0.0
SFH_2BO_2016_008,-0.004673292,0.999999999,0.000000001,0.0
SFH_2BO_2016_009,-0.004687039,0.999999999,0.000000001,0.0
SFH_2BO_2016_010,-0.004796495,0.999999999,0.000000001,0.0
SFH_2BO_2016_011,-0.004717548,0.999999999,0.000000001,0.0
SFH_2BO_2016_012,-0.004752465,0.999999999,0.000000001,0.0
SFH_2BO_2016_013,-0.004694501,0.999999999,0.000000001,0.0
SFH_2BO_2016_014,-0.004760473,0.999999999,0.000000001,0.0
SFH_2BO_2016_015,-0.004656062,0.999999999,0.000000001,0.0
SFH_2BO_2016_016,-0.004742214,0.999999999,0.000000001,0.0
SFH_4BO_2016_017,-0.004573865,0.999999999,0.000000001,0.0,,0.1,
SFH_4BO_2016_018,-0.004120049,0.999999999,0.000000001,0.0
SFH_4BO_2016_019,-0.003966415,0.999999999,0.000000001,0.0
SFH_4BO_2016_020,-0.003649707,0.998827645,0.001172355,0.1
SFH_4BO_2016_021,-0.004629457,0.999999999,0.000000001,0.0
SFH_4BO_2016_022,-0.004067714,0.999802024,0.000197976,0.0
SFH_4BO_2016_023,-0.004275535,0.999999999,0.000000001,0.0
SFH_4BO_2016_024,-0.003390109,0.999252929,0.000747071,0.1
SFH_4BO_2016_025,-0.003668056,0.994065771,0.005934229,0.6
SFH_4BO_2016_026,-0.003157525,0.993691457,0.006308543,0.6
SFH_4BO_2016_027,-0.003750845,0.996947118,0.003052882,0.3
SFH_4BO_2016_028,-0.004548714,0.999597575,0.000402425,0.0
SFH_DIX_2011_355,-0.004797277,0.999999999,0.000000001,0.0
SFH_DIX_2011_356,-0.004770809,0.999999999,0.000000001,0.0
SFH_DIX_2011_357,-0.0049297,0.999999999,0.000000001,0.0
SFH_DIX_2011_358,-0.00482842,0.999999999,0.000000001,0.0
SFH_DIX_2011_359,-0.004810167,0.999999999,0.000000001,0.0
SFH_DIX_2011_362,-0.004557643,0.999999999,0.000000001,0.0
SFH_DIX_2011_363,-0.004713626,0.999999999,0.000000001,0.0
SFH_DIX_2014_001,-0.004791948,0.999999999,0.000000001,0.0
SFH_DIX_2014_002,-0.004942333,0.999999999,0.000000001,0.0
SFH_DIX_2014_004,-0.005015558,0.999999999,0.000000001,0.0
SFH_INC_1998_001,0.132170831,0.393755452,0.606244548,60.6
SFH_INC_1998_002,0.10715976,0.460773353,0.539226647,53.9
SFH_INC_1998_003,0.133297913,0.388595811,0.611404189,61.1
SFH_INC_1998_006,0.10140096,0.469562976,0.530437024,53.0
SFH_INC_1998_008,0.101234636,0.526725004,0.473274996,47.3,"Thse are actually McDermitt samples, known to be hybridized and included mistakenly",,
SFH_INC_1998_009,0.143039195,0.353110934,0.646889066,64.7
SFH_INC_1998_010,-7.6834E-05,0.97163795,0.02836205,2.8
SFH_INC_2000_104,-0.004511868,0.998796097,0.001203903,0.1,,0.1,
SFH_INC_2000_107,-0.004878384,0.999999999,0.000000001,0.0
SFH_INC_2000_118,-0.003406026,0.996432448,0.003567552,0.4
SFH_INC_2000_121,-0.004153063,0.999999999,0.000000001,0.0
SFH_INC_2013_011,-0.004450724,0.998459113,0.001540887,0.2,,0.1,
SFH_INC_2013_012,-0.004880385,0.999999999,0.000000001,0.0
SFH_INC_2016_001,-0.004664151,0.999999999,0.000000001,0.0,,0,
SFH_INC_2016_002,-0.004460541,0.999999999,0.000000001,0.0
SFH_LEE_2016_001,-0.002311808,0.991029657,0.008970343,0.9,,0.6,
SFH_LEE_2016_002,-0.003774064,0.996733979,0.003266021,0.3
SFH_LEE_2016_003,-0.004647559,0.999999999,0.000000001,0.0
SFH_LEE_2016_005,-0.002542033,0.991392262,0.008607738,0.9
SFH_LEE_2016_006,-0.001871603,0.986818905,0.013181095,1.3
SFH_LEE_2016_007,-0.003319451,0.994884768,0.005115232,0.5
SFH_LEE_2016_008,-0.002958429,0.992735935,0.007264065,0.7
SFH_LEE_2016_013,-0.004577802,0.999999999,0.000000001,0.0
SFH_LEE_2016_014,-0.004637663,0.999999999,0.000000001,0.0
SFH_LEE_2016_015,0.000775966,0.979280467,0.020719533,2.1
SFH_LEE_2016_016,-0.003873219,0.996360564,0.003639436,0.4
SFH_LEE_2016_017,-0.003956853,0.997926981,0.002073019,0.2
SFH_LNG_2012_001,-0.00479565,0.999999999,0.000000001,0.0
SFH_LNG_2012_002,-0.004776329,0.999999999,0.000000001,0.0
SFH_LNG_2012_003,-0.004811929,0.999999999,0.000000001,0.0
SFH_LNG_2012_004,-0.004632932,0.999999999,0.000000001,0.0
SFH_LNG_2012_005,-0.004663655,0.999999999,0.000000001,0.0
SFH_NFG_2009_217,-0.004764711,0.999999999,0.000000001,0.0,,0.0,
SFH_NFG_2009_218,-0.004796035,0.999999999,0.000000001,0.0
SFH_NFG_2009_219,-0.004696482,0.999999999,0.000000001,0.0
SFH_NFG_2009_220,-0.004533545,0.999999999,0.000000001,0.0
SFH_NFG_2009_221,-0.004770167,0.999999999,0.000000001,0.0
SFH_NFG_2009_222,-0.004852195,0.999999999,0.000000001,0.0
SFH_NFG_2009_223,-0.004851779,0.999999999,0.000000001,0.0
SFH_NFG_2009_224,-0.004769752,0.999999999,0.000000001,0.0
SFH_PEC_2018_003,-0.004309001,0.997642175,0.002357825,0.2,,0.1,
SFH_PEC_2018_004,-0.004669165,0.999245617,0.000754383,0.1
SFH_PEC_2018_005,-0.004540687,0.999999999,0.000000001,0.0
SFH_PEC_2018_006,-0.004579082,0.999117066,0.000882934,0.1
SFH_PEC_2018_007,-0.004315522,0.997751808,0.002248192,0.2
SFH_PEC_2018_008,-0.004762435,0.999999999,0.000000001,0.0
SFH_PEC_2018_009,-0.004686219,0.999999999,0.000000001,0.0
SFH_PEC_2018_010,-0.004760726,0.999999999,0.000000001,0.0
SFH_PEC_2018_011,-0.003906331,0.996669943,0.003330057,0.3
SFH_PEC_2018_012,-0.004606074,0.998788004,0.001211996,0.1
SFH_PEC_2018_014,-0.004568706,0.999999999,0.000000001,0.0
SFH_PEC_2018_015,-0.004661057,0.999999999,0.000000001,0.0
SFH_PEC_2018_016,-0.00453483,0.999635575,0.000364425,0.0
SFH_PEC_2018_019,-0.004463743,0.997684902,0.002315098,0.2
SFH_PEC_2018_020,-0.004145507,0.995310346,0.004689654,0.5
SFH_PEC_2018_021,-0.00462313,0.999999999,0.000000001,0.0
SFH_PEC_2018_022,-0.004706947,0.999999999,0.000000001,0.0
SFH_PEC_2018_025,-0.004830289,0.999999999,0.000000001,0.0
SFH_PEC_2018_028,-0.004911741,0.999999999,0.000000001,0.0
SFL_SEC_2010_159,-0.004517457,0.999999999,0.000000001,0.0,,0.0,
SFL_SEC_2010_160,-0.004579739,0.999102901,0.000897099,0.1
SFL_SEC_2010_161,-0.004558144,0.998744062,0.001255938,0.1
SFL_SEC_2010_162,-0.004608281,0.999999999,0.000000001,0.0
SFL_SEC_2010_163,-0.004662454,0.999999999,0.000000001,0.0
SFL_SEC_2010_164,-0.004627526,0.999999999,0.000000001,0.0
SFL_SHE_2010_210,-0.00429319,0.998299616,0.001700384,0.2,,0.1,
SFL_SHE_2010_211,-0.004713814,0.999999999,0.000000001,0.0
SFL_SHE_2010_212,-0.004775298,0.999999999,0.000000001,0.0
SFL_SNO_2010_450,-0.004747041,0.999999999,0.000000001,0.0
SFL_SNO_2010_451,-0.004663029,0.999999999,0.000000001,0.0
SFL_SNO_2010_452,-0.004704237,0.999999999,0.000000001,0.0
SFL_SNO_2010_453,-0.004653003,0.999999999,0.000000001,0.0
SFL_SNO_2010_454,-0.004841092,0.999999999,0.000000001,0.0
SFL_SNO_2010_455,-0.004826575,0.999999999,0.000000001,0.0
SFL_SNO_2010_456,-0.004673155,0.999999999,0.000000001,0.0
SFL_SNO_2010_457,-0.004756348,0.999999999,0.000000001,0.0
SFL_SNO_2010_458,-0.004840743,0.999999999,0.000000001,0.0
SFL_SNO_2010_459,-0.004724353,0.999999999,0.000000001,0.0
SFL_TRB_2010_103,-0.004098832,0.996980448,0.003019552,0.3,,0.1,
SFL_TRB_2010_104,-0.004617523,0.999999999,0.000000001,0.0
SFL_TRB_2010_105,-0.004685432,0.999999999,0.000000001,0.0
SFL_TRB_2010_106,-0.004616511,0.999148057,0.000851943,0.1
SFL_TRB_2010_107,-0.004539576,0.999999999,0.000000001,0.0
SFL_TRB_2010_110,-0.004408174,0.999999999,0.000000001,0.0
SFL_TRB_2010_111,-0.004286111,0.998870152,0.001129848,0.1
SFL_TRB_2010_112,-0.004487366,0.997972902,0.002027098,0.2
SFL_TRB_2010_113,-0.004440939,0.998474334,0.001525666,0.2
SFL_TRB_2010_114,-0.004615049,0.999999999,0.000000001,0.0
SFL_TRB_2010_115,-0.004512632,0.999999999,0.000000001,0.0
STE_BGA_2000_002,-0.004645572,0.999999999,0.000000001,0.0
STE_BGA_2000_013,-0.004576849,0.999999999,0.000000001,0.0
STE_BGA_2000_014,-0.004444585,0.999999999,0.000000001,0.0
STE_CWC_2000_001,-0.004475431,0.999999999,0.000000001,0.0
STE_CWC_2000_002,-0.004511905,0.999999999,0.000000001,0.0
STE_CWC_2000_003,-0.004567303,0.999999999,0.000000001,0.0
STE_CWC_2000_004,-0.004574154,0.999999999,0.000000001,0.0
STE_CWC_2000_006,-0.004157625,0.997857708,0.002142292,0.2
STE_CWC_2000_007,-0.004232228,0.998950215,0.001049785,0.1
STE_CWC_2000_008,-0.004490072,0.999999999,0.000000001,0.0
STE_CWC_2000_011,-0.00470298,0.999999999,0.000000001,0.0
STE_CWC_2000_012,-0.004610662,0.999999999,0.000000001,0.0
STE_CWC_2000_013,-0.00416216,0.999999999,0.000000001,0.0
STE_CWC_2000_014,-0.004524339,0.999999999,0.000000001,0.0
STE_CWC_2000_015,-0.004378182,0.999999999,0.000000001,0.0
STE_CWC_2000_016,-0.004634443,0.999999999,0.000000001,0.0
STE_CWC_2000_017,-0.00456553,0.999999999,0.000000001,0.0
STE_CWC_2000_018,-0.004507658,0.999999999,0.000000001,0.0
STE_LTA_2000_005,-0.004499358,0.999999999,0.000000001,0.0
STE_LTA_2000_007,-0.00417682,0.999999999,0.000000001,0.0
STE_LTA_2000_017,-0.00459787,0.999999999,0.000000001,0.0
STE_MSQ_2000_008,-0.004598851,0.999999999,0.000000001,0.0
STE_MSQ_2000_009,-0.004439169,0.999999999,0.000000001,0.0
STE_MSQ_2000_010,-0.004574046,0.999999999,0.000000001,0.0
STE_MSQ_2000_013,-0.004495595,0.999999999,0.000000001,0.0
STE_PKC_2000_007,-0.004423059,0.999999999,0.000000001,0.0
STE_PKC_2000_008,-0.004571009,0.999999999,0.000000001,0.0
SUM_MOH_2013_166,-0.003200998,0.993285633,0.006714367,0.7
SUM_MOH_2013_167,-0.004386574,0.999999999,0.000000001,0.0
SUM_MOH_2013_168,-0.004150586,0.998292675,0.001707325,0.2
SUM_MOH_2013_173,-0.00459936,0.999999999,0.000000001,0.0
SUM_MOH_2013_205,-0.00436817,0.999999999,0.000000001,0.0
SUM_MOH_2013_206,-0.002605963,0.991111776,0.008888224,0.9
SUM_MOH_2013_207,-0.001543085,0.983984661,0.016015339,1.6
SUM_MOH_2013_208,-0.002882706,0.9909424,0.0090576,0.9
SUM_MOH_2013_209,-0.000962892,0.982093119,0.017906881,1.8
SUM_MOH_2013_210,-0.002901585,0.990482144,0.009517856,1.0
SUM_MOH_2013_211,-0.003304819,0.99454875,0.00545125,0.5
SUM_MOH_2013_212,-0.003827102,0.9965027,0.0034973,0.3
SUM_MOH_2013_213,-0.003633501,0.995091002,0.004908998,0.5
SUM_MOH_2013_217,-0.003561677,0.997124529,0.002875471,0.3
SUM_MOH_2013_219,-0.00305147,0.992850613,0.007149387,0.7
TRU_POL_2016_007,-0.004330501,0.999999999,0.000000001,0.0,,0.2,
TRU_POL_2016_008,-0.003773231,0.997814009,0.002185991,0.2
TRU_POL_2016_010,-0.003506222,0.994621423,0.005378577,0.5
TRU_POL_2016_011,-0.003732465,0.995013469,0.004986531,0.5
TRU_POL_2016_012,-0.004080077,0.998508747,0.001491253,0.1
TRU_POL_2016_013,-0.00438843,0.998077369,0.001922631,0.2
TRU_POL_2016_015,-0.003338886,0.993706193,0.006293807,0.6
TRU_POL_2016_016,-0.002800197,0.993442798,0.006557202,0.7
TRU_POL_2016_017,-0.004100494,0.997067345,0.002932655,0.3
TRU_POL_2016_018,-0.004225247,0.998636186,0.001363814,0.1
TRU_POL_2016_022,-0.002794379,0.993728501,0.006271499,0.6
TRU_POL_2016_023,-0.003630848,0.995658426,0.004341574,0.4
TRU_POL_2016_024,-0.00411882,0.997774874,0.002225126,0.2
TRU_POL_2016_025,-0.004245352,0.998843838,0.001156162,0.1
TRU_POL_2016_029,-0.004624507,0.999999999,0.000000001,0.0
TRU_POL_2016_030,-0.004393988,0.999999999,0.000000001,0.0
TRU_POL_2016_031,-0.004467075,0.999999999,0.000000001,0.0
TRU_POL_2016_032,-0.004540537,0.999999999,0.000000001,0.0
TRU_POL_2016_033,-0.004825724,0.999999999,0.000000001,0.0
TRU_POL_2016_037,-0.004544133,0.999999999,0.000000001,0.0
UPT_MEI_2017_001,-0.004383716,0.999999999,0.000000001,0.0,,0.1,
UPT_MEI_2017_003,-0.004506652,0.999999999,0.000000001,0.0
UPT_MEI_2017_005,-0.004491812,0.999999999,0.000000001,0.0
UPT_MEI_2017_008,-0.004197724,0.999999999,0.000000001,0.0
UPT_MEI_2017_009,-0.004297219,0.999999999,0.000000001,0.0
UPT_MEI_2017_011,-0.004144103,0.999999999,0.000000001,0.0
UPT_MEI_2017_012,-0.004481186,0.999999999,0.000000001,0.0
UPT_MEI_2017_016,-0.003543816,0.99560444,0.00439556,0.4
UPT_MEI_2017_018,-0.004562562,0.999999999,0.000000001,0.0
UPT_MEI_2017_019,-0.004366665,0.999999999,0.000000001,0.0
UPT_MEI_2017_024,-0.00450193,0.999999999,0.000000001,0.0
UPT_MEI_2017_027,-0.004212793,0.998904689,0.001095311,0.1
UPT_MEI_2017_030,-0.003354716,0.994311242,0.005688758,0.6
UPT_MEI_2017_039,-0.00442905,0.999999999,0.000000001,0.0
UPT_MEI_2017_043,-0.004502689,0.999999999,0.000000001,0.0
UPT_MEI_2017_044,-0.004427968,0.999999999,0.000000001,0.0
UPT_MEI_2017_050,-0.004485321,0.999999999,0.000000001,0.0
UPT_MEI_2017_052,-0.004564908,0.999999999,0.000000001,0.0
UPT_MEI_2017_055,-0.004503651,0.999999999,0.000000001,0.0
UPT_MEI_2017_059,-0.0044238,0.999999999,0.000000001,0.0
WAL_BYD_2015_001,-0.004932672,0.999999999,0.000000001,0.0,,0.2,
WAL_BYD_2015_002,-0.004750247,0.999999999,0.000000001,0.0
WAL_BYD_2015_003,-0.004848674,0.999999999,0.000000001,0.0
WAL_BYD_2015_004,-0.004899486,0.999999999,0.000000001,0.0
WAL_BYD_2015_005,-0.00476433,0.999999999,0.000000001,0.0
WAL_BYD_2015_006,-0.004731748,0.999999999,0.000000001,0.0
WAL_BYD_2015_007,-0.004775975,0.999999999,0.000000001,0.0
WAL_BYD_2015_008,-0.004822129,0.999999999,0.000000001,0.0
WAL_BYD_2015_009,-0.004743468,0.999999999,0.000000001,0.0
WAL_BYD_2015_010,-0.004707743,0.999999999,0.000000001,0.0
WAL_BYD_2015_011,-0.004818953,0.999999999,0.000000001,0.0
WAL_BYD_2015_012,-0.004665833,0.999999999,0.000000001,0.0
WAL_BYD_2015_013,-0.004664114,0.999999999,0.000000001,0.0
WAL_BYD_2015_014,-0.004754488,0.999999999,0.000000001,0.0
WAL_BYD_2015_015,-0.004817674,0.999999999,0.000000001,0.0
WAL_BYD_2015_016,-0.004852832,0.999999999,0.000000001,0.0
WAL_BYD_2015_017,-0.004905988,0.999999999,0.000000001,0.0
WAL_BYD_2015_018,-0.004802544,0.999999999,0.000000001,0.0
WAL_BYD_2015_019,-0.004797414,0.999999999,0.000000001,0.0
WAL_BYD_2015_020,-0.004058234,0.999999999,0.000000001,0.0
WAL_BYD_2015_022,-0.004752516,0.999999999,0.000000001,0.0
WAL_BYD_2015_037,-0.004927359,0.999999999,0.000000001,0.0
WAL_BYD_2015_038,-0.004876269,0.999999999,0.000000001,0.0
WAL_BYD_2015_039,-0.004815022,0.999999999,0.000000001,0.0
WAL_BYD_2015_040,-0.004827311,0.999999999,0.000000001,0.0
WAL_BYD_2015_041,-0.004700623,0.999999999,0.000000001,0.0
WAL_BYD_2015_042,-0.004413874,0.999999999,0.000000001,0.0
WAL_BYD_2015_043,-0.003654849,0.993565891,0.006434109,0.6
WAL_BYD_2015_044,-0.003432006,0.990286547,0.009713453,1.0
WAL_BYD_2015_045,-0.003560362,0.992581419,0.007418581,0.7
WAL_BYD_2015_046,-0.003552172,0.993956734,0.006043266,0.6
WAL_BYD_2015_047,-0.003571631,0.993145616,0.006854384,0.7
WAL_BYD_2015_048,-0.002818349,0.989136943,0.010863057,1.1
WAL_BYD_2015_113,-0.004828879,0.999999999,0.000000001,0.0
WAL_BYD_2015_114,-0.004683795,0.999999999,0.000000001,0.0
WAL_BYD_2015_115,-0.004591968,0.999999999,0.000000001,0.0
WAL_BYD_2015_116,-0.004785871,0.999999999,0.000000001,0.0
WAL_BYD_2015_117,-0.004916379,0.999999999,0.000000001,0.0
WAL_BYD_2015_118,-0.005068192,0.999999999,0.000000001,0.0
WAL_BYD_2015_119,-0.004933251,0.999999999,0.000000001,0.0
WAL_BYD_2015_120,-0.004833045,0.999999999,0.000000001,0.0
WAL_BYD_2015_121,-0.004929983,0.999999999,0.000000001,0.0
WAL_BYD_2015_122,-0.004478817,0.999999999,0.000000001,0.0
WAL_BYD_2015_123,-0.00429307,0.999999999,0.000000001,0.0
WAL_BYD_2015_124,-0.004880865,0.999999999,0.000000001,0.0
WAL_BYD_2015_125,-0.004913276,0.999999999,0.000000001,0.0
WAL_BYD_2015_213,-0.004707023,0.999999999,0.000000001,0.0
WAL_BYD_2015_214,-0.00495133,0.999999999,0.000000001,0.0
WAL_BYD_2015_215,-0.004902588,0.999999999,0.000000001,0.0
WAL_BYD_2015_216,-0.004844691,0.999999999,0.000000001,0.0
WAL_BYD_2015_217,-0.004946309,0.999999999,0.000000001,0.0
WAL_BYD_2015_218,-0.004461088,0.999999999,0.000000001,0.0
WAL_BYD_2015_219,-0.003919237,0.995262264,0.004737736,0.5
WAL_BYD_2015_220,-0.003006989,0.990714867,0.009285133,0.9
WAL_BYD_2015_221,-0.003606488,0.994411927,0.005588073,0.6
WAL_BYD_2015_223,-0.003344366,0.99305222,0.00694778,0.7
WAL_BYD_2015_224,-0.003288674,0.992647068,0.007352932,0.7
WAL_BYD_2015_225,-0.002784359,0.987912049,0.012087951,1.2
WAL_LWF_2015_001,-0.003384284,0.993718733,0.006281267,0.6,,0.7,
WAL_LWF_2015_002,-0.003175588,0.996327996,0.003672004,0.4
WAL_LWF_2015_003,-0.003729507,0.992860213,0.007139787,0.7
WAL_LWF_2015_004,-0.003580778,0.994066289,0.005933711,0.6
WAL_LWF_2015_005,-0.002886431,0.989224503,0.010775497,1.1
WAL_LWF_2015_006,-0.003593994,0.993737608,0.006262392,0.6
WAL_LWF_2015_007,-0.003367132,0.994543901,0.005456099,0.5
WAL_LWF_2015_008,-0.002971384,0.991841081,0.008158919,0.8
WAL_LWF_2015_009,-0.003506937,0.994009015,0.005990985,0.6
WAL_LWF_2015_010,-0.003959432,0.994522344,0.005477656,0.5
WAL_MIL_2015_001,-0.00477927,0.999999999,0.000000001,0.0
WAL_MIL_2015_002,-0.004859188,0.999999999,0.000000001,0.0
WAL_MIL_2015_004,-0.004807595,0.999999999,0.000000001,0.0
WAL_MIL_2015_005,-0.004909294,0.999999999,0.000000001,0.0
WAL_MIL_2015_006,-0.00487143,0.999999999,0.000000001,0.0
WAL_MIL_2015_007,-0.005019777,0.999999999,0.000000001,0.0
WAL_MIL_2015_008,-0.004532671,0.999999999,0.000000001,0.0
WAL_MIL_2015_009,-0.004854671,0.999956225,4.37749E-05,0.0
WAL_MIL_2015_010,-0.004759749,0.999999999,0.000000001,0.0
WAL_MIL_2015_011,-0.004882441,0.999999999,0.000000001,0.0
WAL_MIL_2015_012,-0.004904616,0.999999999,0.000000001,0.0
WAL_MIL_2015_013,-0.004649566,0.999999999,0.000000001,0.0
WAL_MIL_2015_014,-0.00466196,0.999999999,0.000000001,0.0
WAL_MIL_2015_018,-0.004969593,0.999999999,0.000000001,0.0
WAL_MIL_2015_019,-0.004987913,0.999999999,0.000000001,0.0
WAL_MIL_2015_020,-0.004906606,0.999999999,0.000000001,0.0
WAL_MIL_2015_021,-0.004706598,0.999999999,0.000000001,0.0
WAL_MIL_2015_022,-0.004774622,0.999999999,0.000000001,0.0
WAL_MIL_2015_023,-0.004783163,0.999999999,0.000000001,0.0
WAL_MIL_2015_024,-0.004878705,0.999999999,0.000000001,0.0
WAL_MIL_2015_025,-0.004821467,0.999999999,0.000000001,0.0
WAL_MIL_2015_026,-0.004961696,0.999999999,0.000000001,0.0
WAL_MIL_2015_030,-0.004854078,0.999999999,0.000000001,0.0
WAL_MIL_2015_031,-0.004756587,0.999999999,0.000000001,0.0
WAL_MIL_2015_032,-0.004782991,0.999999999,0.000000001,0.0
WAL_MIL_2015_038,-0.004802858,0.999999999,0.000000001,0.0
WAL_MIL_2015_039,-0.004786631,0.999999999,0.000000001,0.0
WAL_MIL_2015_040,-0.004829004,0.999999999,0.000000001,0.0
WAL_MIL_2017_001,-0.004829219,0.999999999,0.000000001,0.0
WAL_MIL_2017_003,-0.00480509,0.999999999,0.000000001,0.0
WAL_MIL_2017_005,-0.004834804,0.999999999,0.000000001,0.0
WAL_MIL_2017_007,-0.004765922,0.999999999,0.000000001,0.0
WAL_MIL_2017_010,-0.004673226,0.999999999,0.000000001,0.0
WAL_MIL_2017_011,-0.004523156,0.999999999,0.000000001,0.0
WAL_MIL_2017_013,-0.004804723,0.999999999,0.000000001,0.0
WAL_MIL_2017_015,-0.004773841,0.999999999,0.000000001,0.0
WAL_MIL_2017_018,-0.004806964,0.999999999,0.000000001,0.0
WAL_MIL_2017_019,-0.004640019,0.999999999,0.000000001,0.0
WAL_MIL_2017_021,-0.004831013,0.999999999,0.000000001,0.0
WAL_MIL_2017_026,-0.004772635,0.999999999,0.000000001,0.0
WAL_MIL_2017_027,-0.004907077,0.999999999,0.000000001,0.0
WAL_MIL_2017_030,-0.004668258,0.999999999,0.000000001,0.0
WAL_MIL_2017_032,-0.004151402,0.996855331,0.003144669,0.3
WAL_MIL_2017_033,-0.004694787,0.999999999,0.000000001,0.0
WAL_MIL_2017_034,-0.004767601,0.999999999,0.000000001,0.0
WAL_MIL_2017_036,-0.004697653,0.999999999,0.000000001,0.0
WAL_MPH_2011_002,-0.004595627,0.999999999,0.000000001,0.0
WAL_MPH_2011_003,-0.004616799,0.999999999,0.000000001,0.0
WAL_MPH_2011_004,-0.004818803,0.999999999,0.000000001,0.0
WAL_MPH_2011_005,-0.005023598,0.999999999,0.000000001,0.0
WAL_MPH_2011_006,-0.004737511,0.999999999,0.000000001,0.0
WAL_MPH_2011_007,-0.004813592,0.999999999,0.000000001,0.0
WAL_MPH_2011_008,-0.004732077,0.999999999,0.000000001,0.0
WAL_MPH_2011_009,-0.004592562,0.999999999,0.000000001,0.0
WAL_MPH_2011_010,-0.004104545,0.999999999,0.000000001,0.0
WAL_MPH_2011_011,-0.004495658,0.999999999,0.000000001,0.0
WAL_MPH_2011_016,-0.004789291,0.999999999,0.000000001,0.0
WAL_MPH_2011_017,-0.004772832,0.999999999,0.000000001,0.0
WAL_SIL_2015_001,-0.004783673,0.999999999,0.000000001,0.0
WAL_SIL_2015_002,-0.005103893,0.999999999,0.000000001,0.0
WAL_SIL_2015_003,-0.004853587,0.999999999,0.000000001,0.0
WAL_SIL_2015_004,-0.004748641,0.999999999,0.000000001,0.0
WAL_SIL_2015_005,-0.004666383,0.999999999,0.000000001,0.0
WAL_SIL_2015_006,-0.004901735,0.999999999,0.000000001,0.0
WAL_SIL_2015_007,-0.004955267,0.999999999,0.000000001,0.0
WAL_SLK_2015_001,-0.003643174,0.994385253,0.005614747,0.6
WAL_SLK_2015_002,-0.004743982,0.999999999,0.000000001,0.0
WAL_SLK_2015_003,-0.005002624,0.999999999,0.000000001,0.0
WAL_SLK_2015_004,-0.004086311,0.998043259,0.001956741,0.2
WAL_SLK_2015_005,-0.004592349,0.999999999,0.000000001,0.0
WAL_SLK_2015_006,-0.004863825,0.999999999,0.000000001,0.0
WAL_SLK_2015_007,-0.00485467,0.999999999,0.000000001,0.0
WAL_SLK_2015_008,-0.005242932,0.999999999,0.000000001,0.0
WAL_SLK_2015_009,-0.00480653,0.999999999,0.000000001,0.0
WAL_SLK_2015_010,-0.004991712,0.999999999,0.000000001,0.0
WAL_SLK_2015_011,-0.004795927,0.999999999,0.000000001,0.0
WAL_SLK_2015_013,-0.004994799,0.999999999,0.000000001,0.0
WAL_SLK_2015_014,-0.004792119,0.999999999,0.000000001,0.0
WAL_SLK_2015_015,-0.00491501,0.999999999,0.000000001,0.0
WAL_SLK_2015_016,-0.003336904,0.992108822,0.007891178,0.8
WAL_SLK_2015_017,-0.003626591,0.99505121,0.00494879,0.5
WAL_SLK_2015_018,-0.004629402,0.999999999,0.000000001,0.0
WAL_SLK_2015_019,-0.004943302,0.999999999,0.000000001,0.0
WAL_SLK_2015_020,-0.004059823,0.998651572,0.001348428,0.1
WAL_SLK_2015_021,-0.00488961,0.999999999,0.000000001,0.0
WAL_SLK_2015_022,-0.00490346,0.999999999,0.000000001,0.0
WAL_SLK_2015_023,-0.004728837,0.999999999,0.000000001,0.0
WAL_SLK_2015_024,-0.004727246,0.999999999,0.000000001,0.0
WAL_SLK_2015_025,-0.00496968,0.999999999,0.000000001,0.0
WAL_SLK_2015_026,-0.004789498,0.999999999,0.000000001,0.0
WAL_SLK_2015_027,-0.005093688,0.999999999,0.000000001,0.0
WAL_SLK_2015_029,-0.004930837,0.999999999,0.000000001,0.0
WAL_SLK_2015_030,-0.004807656,0.999999999,0.000000001,0.0
WAL_UWF_2015_002,-0.003233535,0.993303128,0.006696872,0.7
WAL_UWF_2015_003,-0.00405701,0.995085176,0.004914824,0.5
WAL_UWF_2015_004,-0.003993342,0.99638278,0.00361722,0.4
WAL_UWF_2015_005,-0.004401671,0.997329144,0.002670856,0.3
WAL_UWF_2015_006,-0.002842834,0.990828067,0.009171933,0.9
WAL_UWF_2015_007,-0.001956296,0.986118729,0.013881271,1.4
WAL_UWF_2015_008,-0.002916645,0.991347868,0.008652132,0.9
WAL_UWF_2015_010,-0.002840701,0.990544982,0.009455018,0.9
WAL_UWF_2015_011,-0.003813394,0.993715872,0.006284128,0.6
WAL_UWF_2015_012,-0.003351273,0.992678384,0.007321616,0.7
WAL_UWF_2015_013,-0.004619558,0.999491599,0.000508401,0.1
WAL_UWF_2015_014,-0.003167971,0.991600161,0.008399839,0.8
WAL_UWF_2015_015,-0.002028938,0.986225651,0.013774349,1.4
WWH_WHO_2011_010,-0.004496497,0.999999999,0.000000001,0.0,,0.0,
WWH_WHO_2011_016,-0.004390021,0.999999999,0.000000001,0.0
WWH_WHO_2011_024,-0.004572356,0.999999999,0.000000001,0.0
WWH_WHO_2011_034,-0.004549168,0.999999999,0.000000001,0.0
WWH_WHO_2011_036,-0.004463548,0.999999999,0.000000001,0.0
WWH_WHO_2011_038,-0.003920062,0.997879657,0.002120343,0.2
WWH_WHO_2011_041,-0.004357523,0.999415409,0.000584591,0.1
WWH_WHO_2011_044,-0.004311704,0.999999999,0.000000001,0.0
WWH_WHO_2011_047,-0.004441266,0.999999999,0.000000001,0.0
WWH_WIL_1996_015,-0.004406919,0.998631627,0.001368373,0.1,,0.0,
WWH_WIL_1996_019,-0.004208364,0.999999999,0.000000001,0.0
WWH_WIL_1996_033,-0.004473543,0.999999999,0.000000001,0.0
WWH_WIL_1996_034,-0.004282253,0.999999999,0.000000001,0.0
WWH_WIL_1996_038,-0.004074185,0.998970686,0.001029314,0.1
WWH_WIL_1996_039,-0.004314055,0.999999999,0.000000001,0.0
WWH_WIL_1996_314,-0.004390116,0.999999999,0.000000001,0.0
WWH_WIL_1996_315,-0.004445774,0.999999999,0.000000001,0.0
YUB_MAC_2016_057,-0.004237372,0.999999999,0.000000001,0.0
YUB_MAC_2016_058,-0.004470045,0.999999999,0.000000001,0.0
YUB_MAC_2016_059,-0.004308227,0.999999999,0.000000001,0.0
YUB_MAC_2016_060,-0.004347671,0.999999999,0.000000001,0.0
YUB_MAC_2016_065,-0.004294348,0.999999999,0.000000001,0.0
YUB_MAC_2016_069,-0.004269179,0.999999999,0.000000001,0.0
YUB_MAC_2016_070,-0.004383968,0.999579841,0.000420159,0.0
YUB_MAC_2016_072,-0.004483629,0.999999999,0.000000001,0.0
YUB_MAC_2016_074,-0.004555734,0.999999999,0.000000001,0.0
YUB_MAC_2016_076,-0.004404033,0.999999999,0.000000001,0.0
YUB_MAC_2016_077,-0.004347241,0.999999999,0.000000001,0.0
YUB_MAC_2016_078,-0.004308135,0.999999999,0.000000001,0.0
YUB_MAC_2016_079,-0.004418384,0.999999999,0.000000001,0.0
YUB_MAC_2016_083,-0.004319846,0.999999999,0.000000001,0.0
YUB_MAC_2016_085,-0.004256693,0.999999999,0.000000001,0.0
YUB_MAC_2016_086,-0.00454244,0.999999999,0.000000001,0.0
YUB_MAC_2016_087,-0.004376312,0.999999999,0.000000001,0.0
YUB_MAC_2016_088,-0.004355248,0.999999999,0.000000001,0.0
YUB_MAC_2016_089,-0.004151761,0.999999863,1.37259E-07,0.0
YUB_MAC_2016_090,-0.00403732,0.999999999,0.000000001,0.0
